excluant;1
exacte;1
exactement;1
meineisz;1
examine;1
persuadés;1
examinés;1
example;1
perte;1
excessif;1
excessive;1
meier;1
evolutive;1
exclure;1
primer;1
exclusive;1
meeyai;1
execution;1
sérialisés;1
restreinte;1
exhaustif;1
medicine;1
séquentiellement;1
eut;1
talavera;1
ethology;1
takada;1
etienne;1
etveblen;1
europe;1
primitifs;1
menacé;1
eurosim;1
eurs;1
med;1
euves;1
sûrement;1
euxmêmes;1
evacuation;1
evaluate;1
sérieux;1
every;1
evidence;1
melnick;1
meinez;1
sèche;1
prey;1
mcgraw;1
expliquait;1
mcclelland;1
sélectionnées;1
maîtriser;1
exploité;1
exploitées;1
maître;1
explore;1
explorent;1
explicit;1
exploring;1
exploré;1
explosion;1
exponentielle;1
exporté;1
expose;1
exposerons;1
schématiser;1
exposées;1
renvoie;1
exogènes;1
séquentiel;1
existaient;1
schématise;1
primaeval;1
séparément;1
séparées;1
séparent;1
means;1
sénescence;1
existet;1
etats;1
exp;1
pertinents;1
experience;1
experimental;1
experimentation;1
experiments;1
mcleod;1
explained;1
explicatif;1
explicative;1
temperature;1
entrer;1
privilégié;1
entretient;1
temporal;1
met;1
templado;1
envahissant;1
envahissante;1
envahissement;1
enveloppe;1
savent;1
meth;1
tement;1
telecommunication;1
teeth;1
environnementaux;1
environs;1
privilégient;1
mesurable;1
prisée;1
messaging;1
restrictifs;1
saturaient;1
probablement;1
mexicana;1
enrichi;1
enseignant;1
meurt;1
mettälä;1
ensevelissent;1
tend;1
entamé;1
entend;1
envisagés;1
enthousiastes;1
tenant;1
tenace;1
entièrement;1
entoure;1
entraînait;1
personnelles;1
methodologies;1
savaient;1
metha;1
ment;1
esquissant;1
esquisser;1
esquiver;1
ess;1
renoncer;1
essaloniki;1
scenarii;1
renseignement;1
tasmanie;1
mentionnons;1
tard;1
espérons;1
essor;1
estce;1
estimant;1
mensuelles;1
scheduler;1
estimer;1
estimons;1
menager;1
estimée;1
tampons;1
error;1
rendement;1
envoyer;1
envoyés;1
eoretic;1
priorités;1
priori;1
eph;1
ept;1
tech;1
erronés;1
perturbe;1
escomptés;1
merge;1
esis;1
scaling;1
espagne;1
espoir;1
tchernev;1
scalpelliformis;1
espérance;1
scanners;1
fms;1
fixer;1
fixions;1
marvin;1
predicting;1
martin;1
seaweed;1
florent;1
florida;1
flots;1
fluctuating;1
predators;1
supposé;1
focalisant;1
marqué;1
supposent;1
praxis;1
supportée;1
fonctionnaires;1
fonctionnant;1
pests;1
supporter;1
fonctionnellement;1
financé;1
filho;1
surprenant;1
filling;1
filtrage;1
surexploiter;1
surcoût;1
finale;1
prenait;1
finalisation;1
financiers;1
markovienne;1
finaux;1
surchargent;1
finis;1
supérieures;1
marées;1
reportée;1
supprimant;1
fiskwick;1
fit;1
fixais;1
marché;1
reposer;1
forestier;1
sunthèse;1
foret;1
forlag;1
formalisation;1
practical;1
formalisé;1
mari;1
repousses;1
reprenant;1
practitionners;1
sega;1
former;1
marcel;1
suivait;1
suitable;1
forska;1
seize;1
suggéré;1
suggère;1
fortin;1
marina;1
maritimes;1
fonctionner;1
secondaires;1
foncées;1
pradeyrol;1
supply;1
fondamentalement;1
fondamentaux;1
fonde;1
fondement;1
surprendre;1
fondé;1
supervisé;1
fontaine;1
food;1
marieze;1
section;1
forcer;1
mariage;1
forecasting;1
superclasse;1
factorisant;1
symboles;1
facilitait;1
facilitant;1
symbiotic;1
scientist;1
mauvaise;1
facilities;1
facilitée;1
symbiosis”;1
symbioses;1
factorielles;1
scientifiquement;1
matérialisent;1
maturité;1
prenions;1
faisait;1
sylver;1
faisons;1
sykes;1
perçue;1
matter;1
fantaisistes;1
synthétiser;1
sytems;1
renvoient;1
renvoyons;1
systé;1
systemic;1
extend;1
extent;1
synthétisées;1
extinction;1
extraire;1
matrix;1
extrapolations;1
synthétise;1
presentation;1
extérieur;1
prescrites;1
exécutable;1
synthétiquement;1
repas;1
maximisent;1
face;1
feuilletons;1
fergusson;1
math;1
sustainable;1
suspendre;1
ferrara;1
ferroviaire;1
fertilisation;1
fesrub;1
survolé;1
feuillage;1
reporte;1
scsc;1
mastitis;1
survivraient;1
fiber;1
masson;1
survenir;1
masse;1
surveillance;1
surprise;1
figurent;1
figurer;1
matlab;1
fatigue;1
faudra;1
faudrait;1
fauna;1
faure;1
sycara;1
favoris;1
pesons;1
prendra;1
fax;1
enregistrent;1
feasibility;1
february;1
pessimiste;1
feed;1
reportant;1
fennica;1
sweden;1
matiques;1
scrutant;1
mathematics;1
saint;1
donnés;1
tradeoff;1
remarquablement;1
dordrecht;1
dotés;1
programmer;1
doursat;1
sagesse;1
douze;1
remarquons;1
dressé;1
molecular;1
toxines;1
permette;1
drug;1
dry;1
dsl;1
dtd;1
saisi;1
dubuc;1
tourner;1
modélisons;1
mollusaca;1
dmso;1
moments;1
molécule;1
safety;1
remarquable;1
documents;1
dod;1
retouché;1
training;1
trahit;1
saisir;1
domestiques;1
dominant;1
domine;1
donnaient;1
tragedy;1
prohibitifs;1
donnent;1
traduire;1
molenaar;1
traditionnelles;1
salles;1
décelables;1
déceler;1
modula;1
tolérance;1
décharge;1
décide;1
modifié;1
professional;1
tissus;1
décomposant;1
décomposeurs;1
débuter;1
découlaient;1
sampling;1
découlent;1
remonte;1
tirer;1
découvrant;1
découvre;1
tire;1
modifi;1
décris;1
modélisant;1
dumoulin;1
prog;1
dupeux;1
duquel;1
touffes;1
during;1
retombées;1
dus;1
duthoit;1
dutton;1
traiterons;1
profité;1
sait;1
profiter;1
toolkit;1
débogages;1
débogué;1
débordant;1
débouché;1
modular;1
débutants;1
reusable;1
trentaine;1
directeur;1
trends;1
direz;1
dirige;1
dirigé;1
perestrello;1
properties;1
traçabilité;1
discontinue;1
discontinuités;1
montréal;1
révélé;1
discover;1
travel;1
révélée;1
travaillions;1
discrétisée;1
perimeter;1
permanence;1
discutée;1
diseases;1
morphogénèse;1
triviaux;1
morphologiques;1
morphologie;1
différemment;1
trivial;1
trifl;1
tridimensionnelle;1
différer;1
différé;1
digest;1
disjointes;1
dimeet;1
propice;1
dimensionnel;1
moose;1
diminuer;1
prophète;1
diounard;1
dira;1
triangulaire;1
direct;1
mondialement;1
distilled;1
transporter;1
prometteurs;1
distinguons;1
prolifère;1
distribuer;1
monica;1
transmises;1
mone;1
transmettre;1
disturbance;1
distants;1
transférés;1
diterpenoids;1
sacoglossan;1
divergent;1
diverger;1
sacrifices;1
relève;1
divisions;1
divisée;1
projects;1
disposions;1
disk;1
disperser;1
dispersif;1
montage;1
propager;1
monospécifiques;1
disposait;1
monographs;1
trapézoïdale;1
traore;1
tions;1
monocultures;1
trany;1
dissertation;1
dissociait;1
proof;1
dissymétries;1
mono;1
disséminent;1
promise;1
distantes;1
tentée;1
milliards;1
personal;1
mill;1
effectuait;1
milition;1
terminée;1
effectuent;1
terminait;1
migration;1
tenu;1
effi;1
edition;1
efficacement;1
proc;1
efficient;1
satisfactory;1
egee;1
eiffel;1
microstructure;1
microclimat;1
elementary;1
elevators;1
rencontraient;1
perpectives;1
détruits;1
miniature;1
mines;1
texte;1
développeurs;1
minds;1
déviations;1
dévié;1
déçu;1
ellipse;1
million;1
eco;1
processed;1
testing;1
teste;1
ecomod;1
economics;1
ecosim;1
edala;1
edinburgh;1
engendré;1
encombrantes;1
rencontrent;1
encourageants;1
encourus;1
endiguer;1
endogènes;1
endomorphic;1
rencontrer;1
enforestation;1
enfrichés;1
engendre;1
enclos;1
teneur;1
englewood;1
englobe;1
mia;1
enhancement;1
enhancing;1
satisfait;1
enjeu;1
enregistre;1
enregistrement;1
emotion;1
elsaz;1
tente;1
elyrep;1
tentati;1
elzas;1
emblée;1
embouchure;1
embrasse;1
embroussaillement;1
emerging;1
détourner;1
empirical;1
tentaient;1
empiriquement;1
tent;1
emploi;1
empêche;1
empêcher;1
microbiens;1
microbiennes;1
encadrée;1
démocratisation;1
délai;1
délaissement;1
procédé;1
throughout;1
délimiter;1
délimitée;1
délivraient;1
modalités;1
through;1
démarrer;1
démarré;1
productif;1
retirer;1
démontrer;1
mnemiopsis;1
démontrée;1
retarder;1
dépassant;1
dépassent;1
dépend;1
missile;1
dépendent;1
tillering;1
remontent;1
décrivent;1
tillman;1
tillers;1
déductibles;1
sances;1
déduit;1
défaut;1
défendu;1
remplace;1
thermomètre;1
modeles;1
produira;1
sanguine;1
définissions;1
remplacé;1
ticulier;1
sanitaire;1
déforme;1
remplis;1
dégénérescence;1
détectées;1
désoxyribonucléique;1
déstabilise;1
désynchronisation;1
déséquilibre;1
theoretical;1
détaillent;1
détaillons;1
thematic;1
détaillés;1
procédurales;1
santucci;1
déterminait;1
procéder;1
procède;1
détermine;1
déterminent;1
remplissage;1
ministère;1
thalle;1
rence;1
mining;1
dérivés;1
déplacent;1
thermodynamique;1
déplaçant;1
déploiement;1
déployer;1
déraisonnables;1
dérisoires;1
perochon;1
santoni;1
minéraux;1
mapped;1
déroule;1
déroulement;1
minutieux;1
dérèglement;1
minuteman;1
désappointant;1
désertiques;1
désigner;1
désignera;1
santt;1
shibayama;1
pluri;1
shell;1
initialisé;1
pluie;1
initié;1
initiées;1
injustifié;1
light;1
lifegrid;1
solve;1
inria;1
initialement;1
inscrivent;1
insectes;1
insight;1
insignifiante;1
insondable;1
insoupçonnés;1
inspecter;1
inspection;1
inspiration;1
inspirées;1
infrastructure;1
infinitésimales;1
sophistiquée;1
pluvio;1
informant;1
respectant;1
sony;1
phrase;1
informative;1
informent;1
ligneux;1
instabilités;1
inféodés;1
inférer;1
respectifs;1
inférieures;1
ingested;1
songez;1
sommaire;1
inherent;1
ligneuses;1
somewhat;1
interfacer;1
soixante;1
soin;1
liant;1
soi;1
interactivité;1
sodium;1
interagit;1
interconnexion;1
lhs;1
interest;1
sockets;1
intentions;1
interfacé;1
phycology;1
interindividuelles;1
internal;1
lewin;1
levée;1
internationalworkshop;1
phylarray;1
lever;1
siganidae;1
insuffisance;1
instables;1
installation;1
solide;1
instancier;1
soleil;1
instantané;1
shift;1
instr;1
plot;1
insuffi;1
infime;1
shifting;1
insuffisantes;1
integrated;1
plos;1
integrative;1
intel;1
solaire;1
plongée;1
intended;1
licence;1
improve;1
importe;1
imposante;1
linn;1
imposent;1
lines;1
linear;1
lindner;1
imposée;1
impression;1
impressionnant;1
impressionnantes;1
photosynthèse;1
imprévisible;1
impulsion;1
lin;1
inaccessibles;1
inactif;1
inactive;1
inadaptées;1
incan;1
incapables;1
incapacité;1
impliquée;1
lisible;1
imparti;1
imperial;1
implantation;1
implantés;1
implementing;1
lisent;1
sousmodèles;1
impliquent;1
liront;1
incisions;1
implé;1
implémentables;1
poitrine;1
sousmarin;1
implémente;1
implémentent;1
souplesse;1
souple;1
soumettre;1
souligné;1
induisent;1
indiquer;1
limited;1
indisciplinarité;1
poatri;1
indisponibles;1
souches;1
souard;1
sexuée;1
sortir;1
individuellement;1
induire;1
indique;1
industrial;1
sortes;1
industrielle;1
indéfiniment;1
limitant;1
indépendance;1
sortent;1
sortaient;1
indésirables;1
infectious;1
resource;1
incl;1
limits;1
incluent;1
inclure;1
limitons;1
incomplets;1
incomplètement;1
inconnues;1
inconnus;1
incontournable;1
lettres;1
incorporant;1
incorporerait;1
incorporées;1
incorporés;1
incroyable;1
limitent;1
indications;1
souhait;1
indiquaient;1
indiquant;1
piétinant;1
joie;1
joint;1
joncs;1
joop;1
simplifi;1
joubert;1
placettes;1
lavenberg;1
ressembler;1
journalières;1
piétinement;1
simplificatrice;1
judéo;1
lasserre;1
jugées;1
lassent;1
juin;1
simpack;1
pièges;1
simlab;1
juridiques;1
simjava;1
placé;1
ressemblance;1
plaisance;1
jamshidi;1
jan;1
janak;1
simulera;1
plain;1
restait;1
jdevs;1
simulating;1
justement;1
jena;1
simulate;1
simulant;1
jep;1
jerôme;1
simscript;1
simplifiée;1
simplifié;1
jhonsson;1
simplifie;1
lacustres;1
lancet;1
piloté;1
pilotes;1
kumagai;1
kumar;1
pile;1
kuris;1
lancer;1
laboratory;1
laborieux;1
pietkiewicz;1
kobenhavn;1
silver;1
ressort;1
laforia;1
silvani;1
lamennais;1
laissera;1
laissées;1
lait;1
lamaze;1
laize;1
simgraphics;1
justifié;1
justifiée;1
picea;1
juxtaposés;1
ressour;1
lara;1
pictures;1
laplace;1
pivot;1
pied;1
jaffrennou;1
pirevs;1
kienast;1
kim;1
kingdom;1
silva;1
simex;1
kleptoplastie;1
ressorti;1
knaber;1
lancées;1
intégrateur;1
sncf;1
introduira;1
signaux;1
lemée;1
introduisent;1
player;1
phylogeny;1
intègrent;1
leidyi;1
intégralité;1
phylogénétiques;1
signals;1
slamsystem;1
slam;1
intégrées;1
plausibles;1
physico;1
intéresser;1
ledru;1
physiological;1
située;1
lecoustre;1
lessivats;1
interpréter;1
pleinement;1
interrogations;1
interrogeons;1
interroger;1
interrogées;1
interrompant;1
interscience;1
intersection;1
letters;1
platform;1
phylogenetic;1
signaler;1
intervenus;1
leslie;1
intervient;1
pleine;1
intimement;1
into;1
intra;1
intrinsèque;1
leader;1
irréversible;1
isbn;1
isem;1
ishida;1
planétaire;1
ismc;1
isoler;1
responsable;1
learn;1
isolément;1
issm;1
irrégularité;1
simutools;1
ldmc;1
italie;1
lcdpu;1
physiologiques;1
plane;1
planctonophage;1
jacentes;1
planctonique;1
jaeger;1
investigation;1
plateforme;1
invaded;1
invading;1
invalidables;1
invalidation;1
invalide;1
leccia;1
responsabilité;1
plastids;1
investi;1
immédiatement;1
investir;1
investissement;1
invitons;1
invitée;1
learned;1
ions;1
irait;1
plasticity;1
irréalisable;1
irréaliste;1
gpl;1
glenn;1
students;1
stuartt;1
reproducing;1
goarrays;1
posteriori;1
semencier;1
mains;1
structuration;1
gourmandes;1
gouvernent;1
maintenus;1
structural;1
gradient;1
graham;1
grain;1
structre;1
graminées;1
grammaire;1
semez;1
strictement;1
posséder;1
major;1
generalizing;1
semblable;1
generation;1
genova;1
potentiellement;1
gens;1
majoritairement;1
potentielle;1
reprises;1
germany;1
grandement;1
germination;1
subi;1
rester;1
ghetto;1
semblait;1
sténophagie;1
gigabits;1
gigantesque;1
maison;1
maire;1
positionné;1
grippale;1
machining;1
stocks;1
grisée;1
stockholm;1
semi;1
grossièrement;1
possesses;1
posons;1
stochastisque;1
stochasticité;1
macnae;1
gré;1
lévy;1
légers;1
stimule;1
positionne;1
phanérogame;1
guidelines;1
guider;1
guidées;1
positioning;1
possédait;1
grandeur;1
grandissant;1
peyretaillade;1
reproductive;1
strategies;1
strat;1
strasbourg;1
graphix;1
graphs;1
mahy;1
gener;1
gratte;1
magnétophone;1
grazing;1
maginot;1
maenas;1
greffées;1
grenoble;1
gressive;1
griffin;1
madary;1
frequency;1
poussant;1
successivement;1
manquantes;1
manquait;1
selecting;1
manipulés;1
manipulons;1
frappant;1
fraser;1
frayère;1
freeranging;1
frame;1
friche;1
from;1
successifs;1
fructueux;1
restreindre;1
frédéric;1
frédérique;1
successeurs;1
manipulables;1
manifeste;1
many;1
forçant;1
suffise;1
fossé;1
fougairolle;1
reprendre;1
mapgraphix;1
poussée;1
poussé;1
suffisaient;1
sufficient;1
pourrions;1
manuscrit;1
select;1
fourragers;1
manufacturiers;1
pousse;1
manuels;1
fractale;1
fractionné;1
fragmentation;1
fragments;1
gasqui;1
substantiels;1
represents;1
man;1
semaine;1
garantie;1
garantir;1
garantissant;1
malaisée;1
garcia;1
maladroit;1
malade;1
substitution;1
substances;1
gastropoda;1
gastéropodes;1
subject;1
gauchi;1
gaussienne;1
geist;1
making;1
makes;1
pothèse;1
fussent;1
fréquentent;1
fréquentes;1
fugaces;1
mangialajo;1
manger;1
fumée;1
mange;1
fundamentals;1
fungi;1
reprenons;1
lymphatique;1
manchester;1
representations;1
fuzzy;1
fwns;1
fécondité;1
félicité;1
restons;1
gagez;1
gagne;1
manage;1
spectaculaire;1
spirale;1
hors;1
res;1
hostile;1
how;1
pools;1
pontes;1
pont;1
logic;1
spiral;1
spinoza;1
horloge;1
logarithmique;1
humblement;1
humide;1
humilité;1
polypeptidiques;1
specified;1
specific;1
polynomiale;1
locaux;1
hypercubes;1
spontanés;1
history;1
hiver;1
spreading;1
hiérarchisé;1
phlpra;1
hmax;1
hocus;1
holistiques;1
hollan;1
portable;1
hypermedia;1
requis;1
porquerolles;1
honda;1
requêtes;1
honjo;1
poppra;1
hopital;1
hopkins;1
horizons;1
horizontal;1
ignorer;1
idl;1
idéal;1
servent;1
idéalisation;1
south;1
souterraine;1
ierardi;1
litp;1
ifremer;1
litaire;1
ignorant;1
southeast;1
serveur;1
ijcbdd;1
illusion;1
illustration;1
liss;1
soutenue;1
imagerie;1
imaginaires;1
imaginer;1
imaginons;1
series;1
specialists;1
specfp;1
hystérétique;1
phoenix;1
héliocentrique;1
spatio;1
hésiter;1
photique;1
hôpital;1
iamsirithaworn;1
philosophique;1
spatially;1
polluantes;1
politiques;1
ices;1
livré;1
identifi;1
livre;1
identifient;1
lively;1
identifions;1
sensibilise;1
géocentrique;1
géographie;1
lourde;1
géométrie;1
géoréférencées;1
gérant;1
gérard;1
stades;1
posent;1
gérée;1
haas;1
lourdement;1
habitudes;1
habituel;1
look;1
habité;1
haleine;1
halfton;1
halimedae;1
stability;1
stabilise;1
halloran;1
généralisation;1
lutter;1
semiautomatic;1
seminar;1
génisses;1
génomes;1
génèrerait;1
statzon;1
stature;1
généralement;1
généralisable;1
sensitive;1
généralisées;1
générant;1
lumineux;1
restart;1
stationnels;1
requin;1
généricité;1
standardisé;1
luc;1
stand;1
hierarchical;1
portement;1
spécialisent;1
heterogeneity;1
heterogeneous;1
lomaps;1
spécialisation;1
heurtée;1
heurtés;1
lolper;1
hidden;1
herget;1
philosophe;1
highly;1
spécial;1
him;1
philosophies;1
hinton;1
sentir;1
spruce;1
portait;1
historien;1
have;1
handle;1
hanshaoworakul;1
hardwood;1
harper;1
longtemps;1
hasardeuses;1
hasardeux;1
sta;1
spécifiées;1
requiring;1
discrétisation;1
philippe;1
helm;1
spécialisées;1
heraklion;1
sensitivity;1
herbagères;1
porter;1
sent;1
spécialiser;1
herd;1
years;1
zootechnie;1
zootech;1
avance;1
avancement;1
avancer;1
zaninetti;1
avancés;1
optimal;1
opposée;1
aves;1
yodzis;1
zuljevic;1
réagissent;1
avouris;1
opportunité;1
avère;1
avèrent;1
avérer;1
awt;1
opisthobranchs;1
yano;1
ayons;1
autonomous;1
autochtones;1
pétri;1
automation;1
recolterez;1
àdire;1
automatisation;1
pénétrer;1
automobile;1
“clhoroplast;1
optimization;1
yan;1
autoregressive;1
optimiste;1
‘eg;1
‘eb;1
pâturés;1
réactualisée;1
‘des;1
autriche;1
zurich;1
optimaux;1
puterized;1
barrat;1
barraud;1
barthelemy;1
omg;1
omettons;1
wright;1
would;1
baseline;1
ollivieri;1
basique;1
réalisateurs;1
barrage;1
workbook;1
bataille;1
work;1
wooldrige;1
bathymétriques;1
baud;1
oligonucléotides;1
bazjanac;1
pulsionnel;1
ole;1
oos;1
azteca;1
operational;1
aériens;1
aïello;1
bachelet;1
back;1
backtranslation;1
bactériennes;1
openmp;1
oovhdl;1
optimum;1
oopsla;1
reconnaissons;1
baptiste;1
baranova;1
omt;1
barbara;1
reconnaître;1
omis;1
bare;1
barra;1
originaires;1
échéancier;1
assouvir;1
rule;1
assuré;1
asterias;1
astro;1
astronomique;1
asu;1
originalité;1
original;1
athens;1
éco;1
atlanta;1
atlantique;1
atmospheric;1
atmosphère;1
échappé;1
attachant;1
origin;1
passifs;1
rumbauch;1
passées;1
écorésolution;1
écrire;1
otherwise;1
artistique;1
ascendante;1
ascenseurs;1
écrasées;1
écraser;1
asia;1
écoulant;1
ass;1
attacked;1
oscillations;1
assertions;1
assessment;1
assigne;1
assignés;1
assimiler;1
assiste;1
associe;1
associent;1
orleans;1
réactives;1
atténuant;1
écartée;1
écarter;1
audio;1
pasture;1
organique;1
écartant;1
august;1
org;1
oren;1
attribuée;1
auraient;1
patrie;1
aurons;1
qualitative;1
réactivité;1
australie;1
australiennes;1
austria;1
opèrent;1
optique;1
règne;1
recentré;1
quasiment;1
atteignions;1
échantillonnées;1
quasi;1
organisés;1
attend;1
attendant;1
attendons;1
attendre;1
bed;1
quantitatifs;1
échangent;1
attestant;1
attirance;1
organisms;1
quantique;1
pastre;1
quant;1
attrapées;1
écclésiaste;1
prévue;1
bruyères;1
bruzonne;1
pauvrement;1
recourir;1
btm;1
buccale;1
buckles;1
psa;1
prêter;1
bull;1
bulletin;1
réductionisme;1
burke;1
burtaire;1
végétaux;1
observons;1
recours;1
observerons;1
végétative;1
bénéfices;1
bénéfique;1
béton;1
psychologie;1
record;1
véritable;1
bpclermont;1
bradfords;1
bradley;1
branches;1
breach;1
obsolète;1
brest;1
bretagne;1
recouvertes;1
pseudorandom;1
bridging;1
vérifi;1
britanniques;1
broussailles;1
broutant;1
bruhl;1
brun;1
brunner;1
bruno;1
caps;1
camemberts;1
camions;1
camp;1
vouloir;1
recouverts;1
prévisible;1
oblitérer;1
cancérisation;1
cao;1
volumineuses;1
volto;1
voulons;1
volontiers;1
caractéri;1
caractérise;1
reviendrai;1
volontaire;1
présumer;1
caractérisés;1
carbon;1
carcinus;1
carences;1
calculating;1
réductrices;1
cacement;1
cache;1
cachés;1
cadence;1
vulgarisé;1
vrin;1
diffuser;1
vries;1
vraiment;1
obtenons;1
vrai;1
voûte;1
calculés;1
caler;1
réduite;1
prévisionnelles;1
prévisionnel;1
california;1
obscure;1
callune;1
bioinformatiques;1
bidimensionnelle;1
wilsey;1
bienenstock;1
océanographes;1
bignon;1
octobre;1
biochimie;1
october;1
biocénoses;1
récoltées;1
williams;1
biderre;1
wildi;1
reconnues;1
oct;1
wich;1
biologiquement;1
oceanologica;1
puissantes;1
reconquête;1
réconciliation;1
biopress;1
offertes;1
beer;1
oicms;1
behaviour;1
bel;1
believable;1
belin;1
woody;1
wolridge;1
belscher;1
offrant;1
puisqu;1
pulido;1
offer;1
bernie;1
pauling;1
oecologica;1
oecol;1
witness;1
betula;1
bias;1
océanographique;1
occasion;1
pubp;1
watson;1
waters;1
bonheur;1
bonmarin;1
bonnal;1
washington;1
occidentale;1
occasional;1
books;1
boite;1
bornes;1
reconstruire;1
récupérait;1
walks;1
récupérer;1
bouleau;1
réductibles;1
bout;1
publi;1
vérité;1
blacksburg;1
bioscience;1
biosphère;1
biota;1
occurs;1
bird;1
birkhauser;1
occurrence;1
puf;1
bjets;1
blachier;1
artificiel;1
occupées;1
wedding;1
blanc;1
bleu;1
blightg;1
bloquantes;1
bloquants;1
bogues;1
weber;1
boisements;1
étions;1
afférentes;1
parier;1
against;1
random;1
road;1
rand;1
étonnant;1
rampantes;1
étoile;1
parfaite;1
agissent;1
affirmant;1
ramification;1
agrandie;1
agricultural;1
agriculture;1
parfait;1
parfaire;1
ram;1
aid;1
parcouru;1
parcimonie;1
affectant;1
adopté;1
adoptée;1
risk;1
adret;1
advances;1
advisor;1
étudiaient;1
aerial;1
afcet;1
affaire;1
ralentit;1
affectent;1
affecter;1
parking;1
affectés;1
étroits;1
affichant;1
risqué;1
affiché;1
rmi;1
range;1
rajoute;1
roches;1
alimentaire;1
alimentation;1
alimentent;1
parallélisé;1
allait;1
rhizoïdes;1
allemagne;1
allen;1
aller;1
érosion;1
rajouter;1
allure;1
paralléliser;1
alopra;1
reçu;1
alpes;1
alpha;1
raisonnée;1
éric;1
éradiqué;1
aléatoirement;1
ralentir;1
roadmap;1
robotique;1
paru;1
aires;1
étend;1
ralentissement;1
étage;1
ajouterons;1
ajoutons;1
ajouté;1
parler;1
ajuster;1
parasitaires;1
albuisson;1
établissant;1
établissait;1
algae;1
paramétriques;1
algol;1
ralentie;1
algorithmiques;1
accepted;1
absorber;1
abstract;1
évoquions;1
rassurant;1
abusive;1
évoquer;1
évoquant;1
académique;1
acata;1
accent;1
évolué;1
partition;1
accepter;1
évolutive;1
accident;1
accidenté;1
accompagnées;1
participants;1
accomplissement;1
rattachent;1
accordée;1
accreditation;1
abordera;1
partielle;1
abandonnant;1
abcl;1
rigorous;1
rigoureuse;1
abandon;1
abordant;1
aborde;1
abordent;1
rigoureusement;1
partialité;1
rassembler;1
abordons;1
événementielle;1
rassasiement;1
about;1
rase;1
riches;1
particular;1
absence;1
absolu;1
parlerait;1
activities;1
rattraper;1
actualité;1
évaluées;1
rapidité;1
parlerons;1
adaptable;1
adaptatif;1
évacuation;1
adapte;1
rappor;1
étés;1
parlerai;1
raxifolia;1
rise;1
additionnels;1
adhérer;1
admettre;1
étudiait;1
administrations;1
admirablement;1
évitées;1
partial;1
partenaires;1
accumuler;1
partitionnement;1
partagées;1
partagent;1
accélérée;1
acheminer;1
achevée;1
acide;1
amap;1
acquis;1
évitera;1
rattachées;1
acta;1
évitant;1
partage;1
riley;1
parsemée;1
activables;1
activer;1
quitte;1
apportant;1
apporte;1
élever;1
routage;1
roux;1
apprennent;1
électroniques;1
overgaard;1
apprise;1
élargir;1
ouvrir;1
éleveurs;1
approchée;1
approfondi;1
ouvre;1
approfondir;1
approfondissement;1
row;1
approximative;1
rude;1
appréciation;1
apprécier;1
applicabilité;1
appelait;1
appeler;1
real;1
appellera;1
appellerons;1
appelons;1
émergeants;1
élève;1
éloignée;1
applicability;1
appuie;1
élimination;1
passau;1
éliminant;1
ovins;1
quotas;1
realistic;1
ovine;1
appliquons;1
quitter;1
élevé;1
arriver;1
éditeurs;1
arena;1
aristotélicienne;1
arithmétique;1
arizona;1
arlington;1
arnaud;1
écrivent;1
aronoffh;1
arrela;1
oublis;1
ottant;1
arrivés;1
arrière;1
arrêter;1
arrêté;1
quelquefois;1
écrivait;1
articulant;1
articulation;1
artifi;1
ouest;1
ruffh;1
appuyant;1
appuyé;1
out;1
égide;1
égale;1
aptitude;1
aquariologique;1
our;1
aquatic;1
ozone;1
arborescence;1
arborescentes;1
arboricoles;1
éducation;1
arbustes;1
édité;1
archivage;1
archivés;1
ques;1
recense;1
anciennement;1
analogues;1
analysables;1
équipementier;1
paperback;1
équins;1
papanastis;1
analysées;1
radular;1
anamorphose;1
anc;1
radula;1
para;1
ancrée;1
ancêtre;1
radiogoniométrique;1
épuré;1
épouse;1
anglaise;1
épistémologie;1
épargnées;1
pandémie;1
radicalement;1
amovibles;1
ambiant;1
parallelization;1
ambition;1
éradiquer;1
amenèrent;1
rewriting;1
american;1
among;1
amorce;1
readed;1
passait;1
amples;1
ampleur;1
amurensis;1
amène;1
améliorait;1
améliorant;1
améliorent;1
équirépartis;1
aménagements;1
américaine;1
émergent;1
émerger;1
antipredator;1
antodo;1
antérieures;1
aperçu;1
apl;1
apollo;1
appalachian;1
paljakka;1
racines;1
anti;1
ross;1
apparente;1
pacifique;1
racinaires;1
appartenait;1
appartenance;1
appartiennent;1
appartient;1
roth;1
appauvrissement;1
annoncé;1
énigmes;1
anime;1
passant;1
énergétiques;1
animées;1
ann;1
annales;1
annals;1
anne;1
énergie;1
cages;1
annonçais;1
radical;1
radhakrishnan;1
annuels;1
émissions;1
anr;1
émise;1
ansd;1
answer;1
émergé;1
provient;1
constructives;1
construirait;1
unsa;1
résumé;1
consultations;1
unleashed;1
provoquent;1
contacté;1
résumées;1
containment;1
provisoire;1
urbains;1
contenait;1
provenant;1
métabolites;1
contentons;1
contenu;1
contenues;1
prouvée;1
contient;1
réticences;1
universelles;1
constaté;1
consoles;1
consommant;1
consommateurs;1
mêlant;1
consomment;1
consommer;1
conspecific;1
usdp;1
constatation;1
résume;1
continuer;1
constatée;1
consti;1
prudente;1
résument;1
résumons;1
métaux;1
urng;1
provoquées;1
métastases;1
métamodéliser;1
copernicien;1
conviviaux;1
conçoit;1
unify;1
cooperative;1
coopératif;1
médiocres;1
coopérer;1
coordination;1
protéger;1
copernic;1
méditerannée;1
protège;1
coquilles;1
corbara;1
corollairement;1
corporation;1
prototyping;1
relancée;1
correctement;1
correction;1
proton;1
controversée;1
continuerons;1
continuons;1
mériteraient;1
contours;1
contraignante;1
prouvé;1
prouver;1
unitaires;1
protéines;1
unisériée;1
consisterait;1
mémorisation;1
contrôler;1
convenir;1
convenu;1
convergence;1
converger;1
méga;1
rétroactions;1
conviennent;1
uninhabited;1
v&v;1
nettement;1
pelouses;1
near;1
conduire;1
conduiront;1
conduisait;1
conduisent;1
revanche;1
conf;1
confe;1
vacances;1
concrétisée;1
pendula;1
configuré;1
confirmation;1
résiduelles;1
confirmer;1
confl;1
résistance;1
conforme;1
utilization;1
regroupés;1
répètent;1
value;1
conceptual;1
valoriser;1
conceptuelle;1
concernait;1
valorisation;1
valleron;1
précités;1
répond;1
concernerait;1
confrontées;1
concertation;1
concevable;1
regroupées;1
conclura;1
conclure;1
précisé;1
concordent;1
valident;1
validating;1
concrétisé;1
nat;1
utilisais;1
consacrée;1
précieux;1
conscient;1
conseil;1
conseillé;1
consequences;1
conserve;1
conservées;1
précieuse;1
consacrerons;1
nastis;1
préalablement;1
pensé;1
uti;1
pensée;1
usitées;1
préalable;1
usine;1
consistent;1
résulte;1
pense;1
confuse;1
reisser;1
conférer;1
natural;1
nations;1
congénères;1
nationaux;1
conjointe;1
utilisions;1
connaissant;1
correspondante;1
connaissons;1
rejets;1
connectionist;1
connexion;1
connexionnistes;1
rela;1
relais;1
conquis;1
reuse;1
consacre;1
dept;1
delahaye;1
delain;1
delgado;1
perdre;1
demandait;1
télécommunications;1
proposait;1
demiheure;1
denis;1
typiquement;1
department;1
del;1
typique;1
typage;1
moving;1
dernièrement;1
desanker;1
descendant;1
descendante;1
descendre;1
descriptifs;1
perdues;1
dealing;1
dai;1
dairy;1
danger;1
dangereuse;1
dangereusement;1
ubac;1
reliant;1
proposent;1
mullet;1
dea;1
descriptive;1
dec;1
téléphoniques;1
deciduous;1
defence;1
mts;1
relief;1
degradation;1
télédétection;1
dehors;1
dekker;1
tropiques;1
moteur;1
devions;1
devise;1
proposaient;1
trouverez;1
relire;1
trouvera;1
devront;1
trouvait;1
mot;1
motif;1
mosaic;1
diamètre;1
diazo;1
dictionnaires;1
diderot;1
pereira;1
diffi;1
trophiques;1
difficilement;1
trompeuses;1
destruction;1
desenclos;1
turing;1
desquelles;1
desquels;1
dessagnes;1
dessin;1
dessine;1
tumorales;1
tuent;1
destinées;1
proposions;1
tuel;1
ttc;1
motivée;1
trouées;1
deval;1
révolutionna;1
developing;1
trouvées;1
devenu;1
devenues;1
protection;1
ulvophyceae;1
courrants;1
relatif;1
courses;1
court;1
myrhaug;1
ultimate;1
couverte;1
uides;1
cover;1
cows;1
umast;1
muti;1
uençant;1
muséum;1
crabe;1
crc;1
percer;1
crete;1
creux;1
crick;1
crim;1
couleurs;1
correspondraient;1
rétrospectivement;1
unifi;1
corrélativement;1
unif;1
corsica;1
cost;1
ungchusak;1
unes;1
could;1
cristal;1
coulon;1
unep;1
mètre;1
couplant;1
coupler;1
coupling;1
under;1
couplées;1
coups;1
umr;1
curt;1
cténophore;1
multiformalismes;1
cuivriques;1
culture;1
proposons;1
multiformalism;1
cumulant;1
multifacetæed;1
multidomaine;1
multidimensionnelles;1
csv;1
curtis;1
multidiciplinary;1
cybernetics;1
uctuant;1
cycliques;1
cygwin;1
célèbre;1
uchimura;1
multiconferences;1
dacglo;1
cros;1
multivariés;1
prospects;1
multitude;1
croient;1
croisement;1
propriétaires;1
multiprocesseurs;1
multiplicité;1
réunir;1
cronhjort;1
volker;1
crouel;1
crozat;1
croître;1
cruciales;1
multimédia;1
relecture;1
percevoir;1
créer;1
créées;1
multimodel;1
peet;1
nuclear;1
coevolution;1
china;1
néfastes;1
vestjydsk;1
cognition;1
vespignani;1
ves;1
coeur;1
réinitialiser;1
visualisée;1
visualization;1
verticale;1
collaborative;1
référer;1
prédéfinis;1
préfèrent;1
climate;1
ref;1
climatic;1
visitent;1
préférences;1
vistapro;1
préférais;1
préférable;1
collaboré;1
visualisables;1
notera;1
paysagères;1
visualise;1
coder;1
coenocytiques;1
régional;1
combined;1
prédirait;1
chimie;1
verion;1
vital;1
northwestern;1
venue;1
prédilection;1
recueilli;1
norway;1
vive;1
combler;1
comblerait;1
commeau;1
commence;1
réitération;1
normalisation;1
cellular;1
collecte;1
versants;1
versailles;1
réintroduction;1
college;1
prédit;1
refuser;1
verrous;1
préférentiellement;1
verrons;1
verre;1
charbonnel;1
colonise;1
verlhust;1
référençant;1
vincent;1
refuse;1
champagnac;1
vigilant;1
cinéma;1
cirad;1
régies;1
circalittoral;1
vigilance;1
circuits;1
choisit;1
circulaires;1
chambres;1
nygaard;1
viewmod;1
choisies;1
ciss;1
nov;1
cid;1
préjugés;1
nuage;1
christerson;1
chronologique;1
chrétienne;1
chuffart;1
viruses;1
régimes;1
régresse;1
ciel;1
nécessitait;1
cielle;1
channel;1
ciles;1
changeait;1
visaient;1
cerner;1
cerveaux;1
certes;1
visibilité;1
nécessitera;1
vidéo;1
présenterons;1
visitait;1
videos;1
classement;1
cercles;1
préférer;1
vidange;1
clerpin;1
client;1
notoires;1
cliffs;1
chablis;1
cités;1
view;1
nucl;1
chain;1
viennent;1
viscogliosi;1
vienne;1
vise;1
ceinturent;1
préférées;1
chlorure;1
visent;1
recul;1
vienna;1
cessent;1
cesse;1
préparer;1
nizam;1
négociation;1
composabilité;1
cassure;1
varient;1
chaud;1
chaînes;1
cassar;1
catastrophes;1
peint;1
oasis;1
préconisons;1
nintendo;1
recueil;1
cartography;1
recouvre;1
noire;1
répartissant;1
normale;1
component;1
cativement;1
compor;1
comportaient;1
regrouper;1
refus;1
réfute;1
variées;1
numérotée;1
peine;1
virginia;1
pawlowski;1
catastrophic;1
préoccupant;1
cherchaient;1
computational;1
vanité;1
newton;1
répertorier;1
neuvième;1
répliquer;1
carrère;1
concentrent;1
computation;1
concentrer;1
réf;1
carolina;1
neuronal;1
concep;1
vandermeer;1
préconisait;1
cartographes;1
préconisions;1
cherchent;1
compression;1
cartographier;1
répercussions;1
préoccupations;1
présomption;1
next;1
regretter;1
volcans;1
compréhensible;1
cherchant;1
préconisant;1
carrés;1
nurserie;1
var;1
causalité;1
reference;1
vehicles;1
vegetation;1
communiquait;1
nutritionnelles;1
communiquants;1
rénové;1
regarde;1
nucléaire;1
nue;1
communiqués;1
caulerpine;1
répandues;1
numbers;1
régissent;1
paysager;1
vivo;1
commençait;1
normal;1
cedex;1
chiffrés;1
prédictivité;1
prédictive;1
commettre;1
vivent;1
regression;1
vlissides;1
committee;1
commodité;1
commons;1
venait;1
veiller;1
veille;1
prédicats;1
répartir;1
compenser;1
négligence;1
compenseront;1
catives;1
compilateurs;1
vaut;1
complete;1
communément;1
regions;1
complexity;1
chestnut;1
répartis;1
compliant;1
précéder;1
répartissaient;1
comparées;1
caulerpicine;1
regarder;1
vocabulaire;1
caulerpan;1
caulerpales;1
vocation;1
régionaux;1
cauchemez;1
nommions;1
prédictibilité;1
nommerait;1
nominal;1
nutriments;2
réduction;2
parfaitement;2
matte;2
revenons;2
partageant;2
landscape;2
larve;2
larvaire;2
largeur;2
tec;2
réutilisé;2
participation;2
pauvres;2
motivé;2
révèle;2
pays;2
marguerite;2
landes;2
secours;2
participer;2
obligé;2
lancement;2
oblige;2
objective;2
morphological;2
morte;2
markovian;2
nécessiterait;2
manipule;2
manipuler;2
nécessitant;2
réussies;2
layer;2
parlent;2
monaco;2
nécessitent;2
perdez;2
partout;2
retour;2
réutilisation;2
sdl;2
nécessité;2
markup;2
restaient;2
observe;2
segments;2
réduire;2
marge;2
réparties;2
naissance;2
sensibilité;2
nommée;2
restriction;2
rue;2
optimale;2
mentation;2
satellite;2
résultante;2
nommons;2
réagir;2
lire;2
mentionné;2
longman;2
oue;2
oublier;2
memory;2
limitation;2
notait;2
lyon;2
scheme;2
operation;2
northern;2
réalisant;2
minimale;2
ottawa;2
métier;2
limiter;2
millénaire;2
limité;2
limitées;2
servir;2
sata;2
organismes;2
nicolas;2
nicograph;2
seraient;2
passer;2
répétitivité;2
saxonne;2
september;2
organiser;2
nid;2
mesurées;2
ser;2
metamodelling;2
metamodels;2
mettent;2
neurocomputing;2
saurait;2
personnel;2
opérationnel;2
ottabilité;2
noeud;2
ordonnancement;2
microarray;2
patrick;2
satisfaire;2
passent;2
omola;2
littoraux;2
littérature;2
répartissent;2
organe;2
osm;2
servant;2
satisfaisants;2
show;2
robustesse;2
paramétrable;2
mal;2
permettraient;2
réunions;2
réglant;2
perturber;2
novembre;2
maximiser;2
november;2
modsim;2
sci;2
parallèlement;2
role;2
octane;2
modifiant;2
perçu;2
moitié;2
obtient;2
multimodeling;2
saine;2
occam;2
parcours;2
physiciens;2
phys;2
parallel;2
multiplication;2
parvenir;2
occupent;2
maximisant;2
maximise;2
paramétrées;2
signalée;2
rétro;2
nourrir;2
médiatique;2
notons;2
pannes;2
revient;2
régénération;2
rétrocontrôles;2
mixte;2
mbits;2
oligopeptides;2
santa;2
ronces;2
like;2
mémoriser;2
omega;2
sheep;2
learning;2
paper;2
maîtrisé;2
paulluy;2
régulière;2
médecine;2
récepteur;2
méconnaissance;2
sandeaux;2
paradigm;2
perturbations;2
semblent;2
maintenue;2
régulation;2
librairie;2
mécanique;2
comparative;2
varie;2
comportent;2
comportementales;2
préconisé;2
comportant;2
complémentarité;2
précédentes;2
variété;2
compatible;2
vauvelas;2
comparison;2
compare;2
composite;2
comparant;2
community;2
communities;2
communiquent;2
commercial;2
venir;2
commencé;2
commencer;2
combinés;2
combien;2
colonization;2
concernaient;2
congress;2
confondre;2
confirme;2
configuration;2
vague;2
précisons;2
concurrente;2
valable;2
concurrence;2
concernés;2
concerner;2
verlag;2
concentré;2
concentraient;2
vandermer;2
compétences;2
computerized;2
variabilité;2
compris;2
compresser;2
variantes;2
comprenant;2
composé;2
visant;2
vingt;2
préoccuper;2
chargée;2
charger;2
présentaient;2
chapman;2
recueillir;2
changés;2
changent;2
vis;2
chance;2
cheval;2
recueillies;2
visite;2
visualisé;2
centaines;2
visuellement;2
vit;2
voie;2
voilà;2
catifs;2
voit;2
cartographique;2
viewbol;2
collectivement;2
préfecture;2
vertu;2
veulent;2
vhdl;2
climax;2
clientes;2
claude;2
classé;2
classifi;2
clairement;2
congrès;2
préférés;2
cinema;2
ciem;2
vigueur;2
ville;2
prélèvement;2
chloroplastes;2
chichester;2
chiavérini;2
chez;2
vinci;2
demandé;2
proportion;2
tropicaux;2
dialogue;2
diagonale;2
trouvons;2
deviennent;2
developement;2
relier;2
truffot;2
destinés;2
tutorial;2
two;2
diffusé;2
defense;2
decision;2
david;2
database;2
côté;2
current;2
curie;2
curative;2
cumul;2
cube;2
créés;2
travailler;2
doctorant;2
doc;2
trajectoires;2
prolifique;2
transition;2
transmis;2
transmission;2
dissémination;2
relié;2
disposant;2
travaillant;2
crédibles;2
discussion;2
travaillons;2
discours;2
discontinus;2
dirigée;2
diriger;2
tri;2
dimensionnement;2
dilemma;2
différentielles;2
diffèrent;2
près;2
united;2
universel;2
universitat;2
contenter;2
containing;2
uns;2
constraint;2
constituée;2
proximité;2
prudent;2
usda;2
converge;2
user;2
consister;2
consistait;2
usuels;2
considérons;2
considérations;2
précaution;2
considèrent;2
conquête;2
connaissent;2
conical;2
couvrir;2
relevées;2
proprement;2
croix;2
croit;2
croissante;2
uctuations;2
croatie;2
critique;2
credibility;2
coûteux;2
uer;2
carrere;2
courte;2
understanding;2
couchage;2
correspondre;2
correspondent;2
corba;2
coopération;2
conviviale;2
conviendrait;2
conviendra;2
union;2
anglo;2
apportées;2
élevée;2
applied;2
applicatif;2
appel;2
apparues;2
apparentent;2
apparemment;2
annuel;2
animer;2
énorme;2
animated;2
apprendre;2
analysé;2
analystes;2
analogie;2
reading;2
rayon;2
raisonner;2
ambitieux;2
amas;2
aléas;2
alourdir;2
allé;2
are;2
asynchrone;2
échir;2
école;2
économie;2
assembly;2
recenser;2
artificiellement;2
écriture;2
arrêt;2
arrivée;2
aronoff;2
allant;2
ardus;2
arbustives;2
arbitraire;2
aquarium;2
april;2
appuyait;2
approximativement;2
approximation;2
approfondie;2
élaborée;2
appris;2
accueille;2
admis;2
étudiant;2
étudie;2
adapter;2
éventuels;2
évidemment;2
évidente;2
rapporte;2
accélérer;2
rapprochement;2
accuracy;2
adn;2
accroître;2
accroissement;2
accomplir;2
access;2
absolument;2
absolue;2
abreuvoirs;2
êtres;2
abondance;2
aberrantes;2
abandonment;2
aided;2
établies;2
aliment;2
algorithmic;2
établis;2
algal;2
alexandre;2
ajustée;2
ait;2
air;2
étendre;2
aient;2
ateliers;2
étendus;2
aidant;2
agronomique;2
agronomes;2
agisse;2
agissait;2
agence;2
after;2
étroitement;2
affectées;2
adresser;2
bio;2
bons;2
bois;2
welch;2
reconsidérer;2
birch;2
puisque;2
whitner;2
wide;2
puisse;2
biodiversity;2
biocontrol;2
wallis;2
bifurcation;2
windows;2
within;2
withner;2
bertrand;2
bernard;2
benefits;2
belsher;2
belgium;2
behavior;2
wooldridge;2
bâtiment;2
caractériser;2
caractérisent;2
volontairement;2
cancer;2
canada;2
californie;2
calibré;2
calibrage;2
calcule;2
cacher;2
bêta;2
pure;2
buvat;2
bruzzone;2
brusc;2
vérifiée;2
brassage;2
véritablement;2
publicacions;2
bot;2
boston;2
publishers;2
publiée;2
aug;2
auteur;2
pêche;2
recherché;2
auront;2
aurait;2
rechercher;2
auquel;2
auprès;2
auparavant;2
écart;2
augmente;2
auto;2
attractif;2
quantifier;2
attirée;2
attirer;2
quantitative;2
recevoir;2
échappent;2
attacherons;2
attachent;2
attache;2
recent;2
bactéries;2
bastia;2
basic;2
basent;2
basant;2
bas;2
barcelona;2
barazer;2
pâturent;2
balisage;2
xml;2
xéon;2
discuter;2
aérienne;2
azuropunctata;2
axe;2
avril;2
avis;2
yodziz;2
auxquels;2
autrement;2
autoriser;2
autorisait;2
autonomie;2
guillaume;2
habitant;2
habilitation;2
stagnation;2
génétique;2
standardisation;2
repérer;2
repérage;2
steady;2
gère;2
position;2
guère;2
habituellement;2
guide;2
positionnement;2
stimuli;2
stocker;2
repère;2
stolons;2
représentée;2
storage;2
greece;2
grass;2
granularité;2
portage;2
icônes;2
poix;2
pollution;2
iad;2
polymorphisme;2
hélice;2
hyper;2
spect;2
html;2
holisme;2
hla;2
post;2
historique;2
portant;2
high;2
heywood;2
heudin;2
spécialisé;2
portuaires;2
portée;2
harvard;2
handbook;2
pourtant;2
fully;2
fuite;2
fréquent;2
succesion;2
fruit;2
frondes;2
traite;2
françois;2
française;2
français;2
francisco;2
functional;2
foyers;2
fourragère;2
fourrage;2
sud;2
fournissent;2
forçage;2
suggérée;2
formé;2
formulaire;2
forment;2
reprend;2
generated;2
poste;2
poster;2
structurellement;2
gloire;2
potential;2
studies;2
potentialités;2
ghz;2
ghent;2
germent;2
genêts;2
space;2
subir;2
potier;2
garder;2
gardent;2
garbage;2
garance;2
substantiation;2
gagnez;2
février;2
futur;2
smalltalk;2
planning;2
plasticité;2
plastique;2
invariants;2
intérieur;2
intéressons;2
intéresserons;2
intéressent;2
six;2
smaget;2
intégraient;2
planifier;2
introduisant;2
introduire;2
soc;2
intrinsèquement;2
interviennent;2
interventions;2
intervenir;2
intervenant;2
social;2
sociales;2
interprétable;2
jvm;2
laitières;2
laisser;2
sim;2
kurris;2
ressentis;2
knowledge;2
knabe;2
kluwer;2
pistes;2
pièces;2
jørgensen;2
societies;2
juxtaposition;2
justifier;2
justifie;2
juste;2
juillet;2
jugé;2
jouent;2
plages;2
simultanée;2
italy;2
poireaux;2
incomplète;2
incohérence;2
incluant;2
souhaitable;2
incendie;2
inc;2
impératif;2
souhaitait;2
imposerait;2
imposer;2
impose;2
incrémental;2
impliqué;2
implication;2
soussana;2
illustre;2
iii;2
ignorance;2
ierry;2
idéales;2
identifiés;2
identifiées;2
souvenir;2
innovations;2
internationaux;2
internationale;2
society;2
respective;2
interdisciplinaire;2
soils;2
intensité;2
plongé;2
insuffisant;2
plugin;2
inscrit;2
pourront;2
solving;2
initial;2
inforsid;2
respecter;2
sons;2
indépendamment;2
indéniable;2
induit;2
sortis;2
indiqué;2
einstein;2
enseignement;2
enregistrées;2
probe;2
engref;2
endroits;2
encombrement;2
enchaînement;2
encadré;2
encadrer;2
encadrement;2
element;2
probable;2
tera;2
terminology;2
effectuant;2
effective;2
rencontre;2
effect;2
terre;2
processes;2
testés;2
teuma;2
envahit;2
estime;2
primordial;2
tanle;2
essayant;2
principles;2
tcl;2
envisagé;2
envisageons;2
envie;2
envergure;2
développent;2
envahi;2
entretenant;2
tempus;2
entrepris;2
prix;2
pro;2
probabiliste;2
entraîne;2
entraînant;2
entendu;2
remettre;2
déductions;2
tirage;2
découpage;2
professeur;2
décidé;2
tokyo;2
décembre;2
tombe;2
totale;2
remise;2
déduire;2
tour;2
duale;2
towards;2
driven;2
trad;2
remarque;2
donnera;2
domestic;2
traitant;2
doi;2
dérivent;2
textuelle;2
développe;2
détriment;2
processing;2
déterminisme;2
désormais;2
désignées;2
dés;2
dérouler;2
theory;2
suivent;2
déplace;2
dépendant;2
département;2
départ;2
démontré;2
démontrent;2
délégation;2
définitivement;2
définissent;2
définie;2
exécutant;2
fonctionne;2
faiblement;2
sylvestris;2
facilité;2
facilitent;2
synchrone;2
eyrolles;2
exécutées;2
exécuté;2
fallu;2
systematic;2
fonctionnels;2
systématiquement;2
exprimer;2
reposaient;2
exploratoire;2
séances;2
exploiter;2
sélectionner;2
fidèlement;2
fiches;2
fiabilité;2
ferme;2
ferguson;2
sward;2
ferait;2
fidèle;2
fera;2
federation;2
fonctionnent;2
prediction;2
flammarion;2
flexible;2
switzerland;2
favorise;2
fastidieuse;2
fassent;2
focaliser;2
repos;2
superposition;2
exigences;2
exhaustive;2
exempt;2
exclusivement;2
exclu;2
exception;2
examiner;2
examen;2
exact;2
foraging;2
evolutionary;2
superposant;2
evolution;2
format;2
formel;2
européenne;2
estimé;2
tableau;2
existait;2
price;2
preuves;2
fondent;2
explique;2
explicitement;2
sémantique;2
sélectionnés;2
superposées;2
placer;3
reposait;3
permettra;3
reportera;3
respectivement;3
retrouvent;3
rarement;3
prolifera;3
ravid;3
rappeler;3
partiellement;3
program;3
pouvaient;3
produites;3
progressivement;3
présenterai;3
profil;3
response;3
pine;3
pinus;3
pierre;3
petit;3
présents;3
rao;3
planification;3
remarquer;3
pixel;3
quand;3
perception;3
protégée;3
poissons;3
reviendrons;3
review;3
rencontrée;3
reconnu;3
passé;3
pré;3
restant;3
puy;3
pukkala;3
rend;3
foresterie;3
principe;3
porte;3
renshaw;3
principal;3
princeton;3
portion;3
pâturée;3
pâturer;3
rade;3
proposant;3
restera;3
procédure;3
peuplement;3
pleins;3
reliability;3
public;3
rafaeli;3
pourquoi;3
perrochon;3
report;3
petits;3
prennent;3
plupart;3
passe;3
process;3
problématique;3
reality;3
prototypage;3
pression;3
représentative;3
puissent;3
cruciaux;3
delà;3
deffuant;3
data;3
dahl;3
cybenko;3
cumming;3
crédibilité;3
création;3
demander;3
uencée;3
uenza;3
ultérieure;3
unifié;3
unifiée;3
correct;3
uniforme;3
coordonnées;3
disposition;3
traduit;3
documentation;3
diverses;3
dits;3
distme;3
distingue;3
transputers;3
dissocier;3
contribué;3
disponibilité;3
diminution;3
tridimensionnel;3
dieu;3
devraient;3
devons;3
devant;3
comportait;3
vahl;3
validée;3
validés;3
concernent;3
varenne;3
variance;3
composition;3
varier;3
confronté;3
compléter;3
complètement;3
variés;3
compliqué;3
vastes;3
complex;3
comparer;3
constante;3
contrat;3
contenant;3
contenaient;3
conséquent;3
urgence;3
constituer;3
constituant;3
constater;3
traditionnel;3
consistant;3
considérablement;3
utilement;3
conscience;3
connues;3
connaître;3
utilisons;3
envisagée;3
essence;3
rien;3
essaye;3
essai;3
espérer;3
taylor;3
technical;3
envoi;3
tanguy;3
envisager;3
envisageable;3
ten;3
entraîner;3
entraînement;3
entier;3
tendance;3
enregistrer;3
exposé;3
feillee;3
favoriser;3
fallait;3
faciliter;3
synthétique;3
extérieure;3
extrêmement;3
szczerbicka;3
enita;3
expliquer;3
explicite;3
séparation;3
existant;3
exclusif;3
tache;3
tandis;3
dyke;3
définit;3
défense;3
time;3
découle;3
décomposition;3
topographie;3
dynamiquement;3
totalement;3
thématique;3
totalité;3
dunod;3
toulouse;3
doyle;3
double;3
dossier;3
doram;3
déterminé;3
tenons;3
tenter;3
effectif;3
territoire;3
ecol;3
testée;3
dôme;3
déterminée;3
vegetatio;3
their;3
détermination;3
déterminant;3
détecter;3
dérivée;3
délicat;3
thème;3
appliquent;3
atteignable;3
attaque;3
échec;3
ascoglossa;3
art;3
ardue;3
archétype;3
appliqué;3
atteint;3
applique;3
appelle;3
émergence;3
apparaît;3
apparaissent;3
émotionnels;3
annual;3
anderson;3
ètent;3
balise;3
yonezawa;3
auxquelles;3
autorisent;3
automatisé;3
automate;3
ågren;3
ète;3
ancienne;3
aura;3
augmentation;3
attraction;3
échange;3
attoui;3
attendu;3
échantillonnage;3
acquérir;3
affiné;3
affiche;3
adaptés;3
acvedo;3
évalué;3
actuelle;3
éventuellement;3
actives;3
agardh;3
évite;3
évoluent;3
accord;3
abstraite;3
aboutit;3
évoquée;3
aborderai;3
établir;3
équilibre;3
équipe;3
équivalent;3
amour;3
équivalente;3
ambrogio;3
alstyne;3
allons;3
ballesteros;3
algorithm;3
établissement;3
ajout;3
agrégation;3
éthologues;3
agir;3
étroite;3
chaotique;3
choisir;3
choisi;3
chercher;3
virtuel;3
chaînées;3
charrier;3
chargement;3
charge;3
villèle;3
chaos;3
cgi;3
certainement;3
visible;3
vite;3
caswell;3
volcanic;3
cartographiée;3
viable;3
communiquer;3
commerciaux;3
commercialisé;3
com;3
colloque;3
collier;3
collaborer;3
colizza;3
cartographie;3
clé;3
cluster;3
vidal;3
climat;3
vide;3
clark;3
citer;3
berthold;3
bordure;3
wayner;3
west;3
bisgambiglia;3
biomathematics;3
biomasse;3
biological;3
bioinformatics;3
bormann;3
bertalanffy;3
berg;3
bazjnac;3
baveco;3
batty;3
world;3
barbier;3
bugmann;3
caractérisée;3
can;3
von;3
calibrer;3
calibration;3
bylund;3
bulmer;3
building;3
essayé;3
brzeziecki;3
breton;3
box;3
bouturage;3
bousquet;3
wagon;3
bosatta;3
large;3
localisation;3
linéaire;3
likens;3
lhotka;3
shoham;3
legendre;3
leemans;3
latin;3
localiser;3
laquelle;3
silicon;3
land;3
laizé;3
lafferty;3
lacunes;3
kunz;3
majeure;3
scots;3
matteson;3
scott;3
script;3
manque;3
manipulation;3
mangili;3
mammites;3
kong;3
mai;3
lâcher;3
lumineuse;3
longini;3
loiseau;3
loin;3
logistique;3
sinauer;3
simulog;3
jaffrenou;3
jacent;3
itératif;3
simultanément;3
issus;3
issu;3
isolée;3
simule;3
isima;3
sinton;3
invocation;3
sinueux;3
situent;3
inutile;3
situé;3
maximum;3
simulator;3
jeffries;3
joue;3
journée;3
jousson;3
simon;3
karhela;3
keefe;3
keen;3
similitudes;3
kent;3
kiviat;3
kleijen;3
kolstrom;3
komatsu;3
néanmoins;3
opérationnelle;3
okubo;3
offrent;3
récents;3
odonne;3
observable;3
négligés;3
négliger;3
organisent;3
nutrition;3
noter;3
note;3
noir;3
nisbet;3
net;3
naturellement;3
naturelle;3
orientés;3
orth;3
ots;3
oxford;3
roughgarden;3
palmore;3
pandemic;3
romain;3
parallélisation;3
parallélisme;3
paraît;3
parc;3
partant;3
participent;3
rigueur;3
mettant;3
saisonnière;3
mobile;3
mit;3
santini;3
minimiser;3
mille;3
militon;3
satisfaisante;3
saison;3
scale;3
schmidt;3
schneider;3
schoeppl;3
mda;3
maîtrise;3
maynard;3
simplicité;3
modélisée;3
mollusc;3
mollusca;3
moléculaire;3
mort;3
réutiliser;3
réutilisable;3
muller;3
multimodèle;3
murillo;3
méditerranéenne;3
nance;3
narayanan;3
national;3
résultant;3
statistiquement;3
gleick;3
globaux;3
gomez;3
gotelli;3
gramme;3
strates;3
graphical;3
grassland;3
grille;3
group;3
stockage;3
guerre;3
stewart;3
gurney;3
gènes;3
study;3
state;3
géré;3
hasard;3
herbacées;3
herbe;3
hermes;3
hinde;3
hirata;3
histoire;3
hiérarchie;3
homogène;3
homogénéité;3
hong;3
hoogenboom;3
suffisante;3
finalement;3
first;3
supposons;3
fixée;3
supposer;3
suppose;3
fonctionnalités;3
support;3
supplémentaires;3
fond;3
forester;3
sunderland;3
formels;3
fouille;3
fourmis;3
intéresse;3
fowler;3
successives;3
francis;3
french;3
fréquentation;3
furent;3
future;3
gamma;3
gavach;3
geman;3
gendreau;3
genre;3
geographic;3
georgiev;3
implémentant;3
hsu;3
sociaux;3
hunter;3
interhumaine;3
hétérogène;3
intensif;3
iazeolla;3
spatialisés;3
ibm;3
intelligent;3
spain;3
species;3
integrating;3
instrument;3
institut;3
som;3
inconvénient;3
souci;3
initialiser;3
infographie;3
some;3
inférieur;3
informelle;3
size;3
howard;3
interéditions;3
interprété;3
hospitalier;3
smeulders;3
howes;3
uhrmacher;4
éorie;4
technologiques;4
simultané;4
unix;4
unified;4
sylvestre;4
temporelle;4
usage;4
rimour;4
supérieur;4
relativement;4
élaboré;4
élaborer;4
survivre;4
simplement;4
évoqué;4
recensement;4
réactif;4
sacoglossa;4
réaction;4
ören;4
étendue;4
rumelhart;4
sun;4
summer;4
rumbaugh;4
récemment;4
utilisait;4
unis;4
van;4
réductionniste;4
unité;4
university;4
utilisables;4
réellement;4
systémique;4
systématique;4
suffisant;4
situe;4
signifie;4
statistical;4
tree;4
secker;4
reconstruction;4
restreint;4
spécifié;4
spécifi;4
sellers;4
signorile;4
selon;4
vérifié;4
tracé;4
restent;4
western;4
virtual;4
végétal;4
significativement;4
significative;4
spread;4
septembre;4
traité;4
traitées;4
sert;4
signification;4
virus;4
significatif;4
sigma;4
souhaitons;4
sophia;4
tenté;4
révèlent;4
révéler;4
échantillon;4
sachant;4
signifi;4
relevés;4
structurelle;4
vent;4
recolonisation;4
saito;4
âge;4
tenir;4
tête;4
reproduit;4
santé;4
stout;4
souhaité;4
stockées;4
www;4
stochastic;4
tiens;4
tison;4
what;4
titre;4
devait;4
dite;4
négative;4
distinction;4
dis;4
différencier;4
observateur;4
devrait;4
observer;4
devra;4
nwana;4
demande;4
cox;4
opisthobranchia;4
opposition;4
coupe;4
corrélations;4
convexe;4
organisée;4
nom;4
edwards;4
déplacer;4
nationale;4
dégradé;4
décrite;4
découvrir;4
découverte;4
découvert;4
débit;4
continuous;4
due;4
dudzinski;4
nommé;4
draper;4
north;4
doute;4
nourriture;4
domain;4
chimique;4
cognitif;4
climatiques;4
clairière;4
claire;4
pertinente;4
peterson;4
citons;4
circulation;4
peyret;4
colonie;4
cherché;4
cherche;4
changer;4
change;4
chacun;4
platt;4
plongeurs;4
centre;4
considère;4
overstreet;4
overview;4
constat;4
consommation;4
paramétrer;4
parce;4
considérable;4
parker;4
méta;4
parlera;4
composent;4
passage;4
complète;4
comparé;4
communicants;4
pavé;4
combinant;4
lumière;4
héritage;4
hypothétique;4
humain;4
huber;4
hollocks;4
histogramme;4
londres;4
henderson;4
hectares;4
ibault;4
hallam;4
générateur;4
groupement;4
malheureusement;4
groenendaal;4
manufacturing;4
march;4
marie;4
lai;4
johnson;4
john;4
jeune;4
june;4
junqua;4
kelton;4
ird;4
inverse;4
graphics;4
lazaro;4
interactif;4
inter;4
lequel;4
initiaux;4
ligne;4
individuelle;4
indigènes;4
mondiale;4
minsky;4
minute;4
missaoui;4
facilement;4
exécuter;4
extrême;4
externe;4
modélisateur;4
existence;4
minimum;4
exible;4
montrer;4
esprit;4
escoubet;4
eoretical;4
environmental;4
entreprise;4
méditerranéen;4
forrester;4
markoviens;4
gordon;4
global;4
gasser;4
matrice;4
maximale;4
fournissant;4
mechoud;4
darse;4
mener;4
formation;4
foncé;4
mesurer;4
filippi;4
field;4
fiable;4
faites;4
barcelone;4
ascoglossan;4
associer;4
atlan;4
proposais;4
atouts;4
atteindre;4
progression;4
profonde;4
produisent;4
produire;4
productivité;4
autorise;4
azote;4
bailey;4
artificial;4
bates;4
bathymétrie;4
bellan;4
biais;4
biol;4
biopuces;4
prend;4
blais;4
bohem;4
bonne;4
bovins;4
praehofer;4
practice;4
agissant;4
rapprocher;4
rare;4
abordée;4
académie;4
acceptable;4
raisonnement;4
racemosa;4
quoi;4
accès;4
actif;4
actuel;4
affiner;4
agha;4
publié;4
popper;4
publ;4
prévoir;4
alfonseca;4
allocation;4
amblard;4
analytique;4
antipolis;4
appelée;4
applet;4
applicable;4
précédent;4
area;4
arnold;4
calculer;4
calculées;4
possédant;4
posé;4
possèdent;4
poser;4
centimètres;4
caux;4
élevage;5
voici;5
fonctionnelle;5
method;5
apporter;5
meyer;5
vient;5
menton;5
fermeture;5
approcher;5
mis;5
faisant;5
voire;5
sujet;5
forplan;5
symbolique;5
appelé;5
représenté;5
fort;5
suffisamment;5
schéma;5
anthropique;5
animé;5
may;5
succession;5
frontier;5
fréquemment;5
circonférence;5
existants;5
emplacement;5
entière;5
retenir;5
envahie;5
voitures;5
technology;5
associées;5
result;5
motivation;5
taux;5
assez;5
estimation;5
européen;5
montrant;5
rôle;5
facilite;5
propriétés;5
relative;5
existent;5
exploitable;5
sélection;5
moigne;5
moi;5
expression;5
exprimé;5
extension;5
personne;5
protocole;5
artificielle;5
écrit;5
photo;5
instance;5
seuil;5
adaptation;5
indispensable;5
shannon;5
place;5
éventuelle;5
sheng;5
sommerville;5
level;5
ingénieur;5
initialisation;5
quelle;5
innocenti;5
leroudier;5
lente;5
implique;5
acte;5
introduced;5
introduite;5
sma;5
invasive;5
siman;5
simulé;5
similaire;5
its;5
jabowa;5
jamais;5
jennings;5
jeu;5
plutôt;5
cellule;5
amené;5
massif;5
concepteur;5
graphisme;5
alimenter;5
grimm;5
grippe;5
maquette;5
ajouter;5
grégaire;5
pics;5
standard;5
maillage;5
cellier;5
gipps;5
haute;5
spécifier;5
puissance;5
puissants;5
hesse;5
heure;5
purement;5
springer;5
pâture;5
adéquation;5
huston;5
qualifié;5
étudions;5
adapté;5
tropical;5
campagne;5
couramment;5
biodiversité;5
coûteuse;5
croissant;5
côte;5
degré;5
dessous;5
devient;5
commune;5
observée;5
observé;5
pensons;5
pourraient;5
tronc;5
combes;5
travaillé;5
disque;5
collective;5
ayant;5
problem;5
aviaire;5
numéro;5
dix;5
traiter;5
youngblood;5
train;5
constituent;5
concret;5
particulière;5
valeo;5
utilité;5
utilisent;5
pouvant;5
consacré;5
calculateur;5
pouvons;5
robert;5
bâtir;5
breckling;5
ribera;5
propos;5
palme;5
constitution;5
urban;5
comprend;5
conséquence;5
ruch;5
ouvert;5
outre;5
contrairement;5
orienté;5
revue;5
couche;5
autonome;5
dédiée;5
défini;5
attracteur;5
aucune;5
droite;5
remote;5
retenue;5
müller;5
clergue;5
navigateur;5
dérivé;5
décrire;5
nord;5
profondeur;5
total;5
that;5
donnant;5
empirique;5
processeur;5
retenons;5
tentative;5
elsevier;5
attachés;5
hurrion;6
identiques;6
indépendants;6
indépendante;6
cottalorda;6
industriel;6
control;6
idée;6
humaines;6
implémenté;6
décisionnel;6
décrit;6
cemagref;6
special;6
correcte;6
unique;6
booch;6
univ;6
incertitude;6
taxonomie;6
visual;6
visité;6
concrète;6
jean;6
centrée;6
central;6
effort;6
visualiser;6
isolé;6
accessible;6
écologue;6
évoluer;6
boîte;6
vision;6
compromis;6
considérer;6
introduit;6
considérée;6
internet;6
briot;6
décennie;6
délicate;6
usa;6
économique;6
somme;6
direction;6
stratégie;6
altitude;6
cinq;6
glossaire;6
bell;6
globale;6
caractère;6
cohérente;6
trouvent;6
substrat;6
animale;6
version;6
animateur;6
voir;6
succès;6
case;6
édition;6
dispose;6
apte;6
auvergne;6
fournie;6
avaient;6
feuille;6
transformation;6
traduction;6
donner;6
surtout;6
files;6
cation;6
fixe;6
clair;6
cnrs;6
décideurs;6
hiérarchique;6
fire;6
chemins;6
expérimentale;6
capture;6
autorisant;6
courants;6
couvert;6
hauteur;6
coût;6
durée;6
critère;6
générée;6
extrait;6
affichage;6
stationnaire;6
abord;6
général;6
bibliothèque;6
synchronisation;6
ajustement;6
gris;6
chose;6
dessus;6
devaient;6
facile;6
cible;6
carlo;6
green;6
représentant;6
lien;6
quel;6
pielou;6
prenant;6
micro;6
quantité;6
pierreval;6
rendre;6
meilleur;6
représentent;6
obtention;6
methodology;6
pratique;6
levin;6
shugart;6
négligeable;6
préconisée;6
plate;6
risque;6
liste;6
levc;6
réside;6
prévision;6
malgré;6
posidonia;6
reuillon;6
patron;6
jorgensen;6
pattern;6
rappelons;6
mollusques;6
repose;6
refl;6
neural;6
optimiser;6
réponse;6
sens;6
réalisme;6
modifier;6
lafarge;6
oceanica;6
retrouve;6
monte;6
simexplorer;6
pouvait;6
proche;6
maintenance;6
simct;6
matériel;6
quels;6
montrent;6
biology;7
reporter;7
bitar;7
second;7
métamodélisation;7
majeur;7
mathematical;7
prairie;7
reposant;7
olivacea;7
avait;7
récente;7
sensiblement;7
sensible;7
offre;7
gérer;7
générique;7
générer;7
station;7
généraux;7
efficacité;7
semble;7
basé;7
december;7
rendu;7
guessoum;7
majorité;7
couplé;7
effectue;7
presque;7
management;7
via;7
champ;7
fishman;7
fine;7
moutons;7
mountain;7
concurrent;7
montré;7
villefranche;7
millier;7
essentiel;7
faible;7
savoir;7
faciès;7
série;7
collection;7
verlaque;7
verification;7
expérimentaux;7
passable;7
commun;7
comporte;7
monde;7
suivre;7
game;7
vrml;7
pourrait;7
vont;7
entraîné;7
température;7
constitué;7
suit;7
pace;7
mené;7
vivant;7
gauche;7
formalisme;7
forestière;7
visuel;7
forcément;7
force;7
use;7
fondamentale;7
porté;7
research;7
chacune;7
apparition;7
article;7
littoral;7
numérique;7
préciser;7
trouver;7
simulée;7
devs;7
éviter;7
simplification;7
aisément;7
diversité;7
informaticien;7
approach;7
trajet;7
répondre;7
précisant;7
disposer;7
source;7
directe;7
implémenter;7
évaluer;7
reffye;7
implémentée;7
transfert;7
appliquer;7
prédictif;7
nécessite;7
qnap;7
tool;7
intégrer;7
annuelle;7
raisonnable;7
jeux;7
toutefois;7
instant;7
individual;7
sol;7
méthodologique;7
densité;7
aboutir;7
lehman;7
individuel;7
horn;7
équipé;7
noyau;7
january;7
serradifalci;7
law;7
jusqu;7
acm;7
angelis;7
andré;7
specification;7
alga;7
interagir;7
résoudre;7
étape;7
pseudo;7
prototype;7
administratif;8
environ;8
distributed;8
publication;8
transport;8
durant;8
centré;8
legay;8
présentons;8
intelligence;8
cellulaire;8
muzy;8
colonisée;8
vasconcelos;8
régression;8
journal;8
paul;8
paysage;8
modélisé;8
saisie;8
existante;8
academic;8
janvier;8
colonisés;8
raison;8
module;8
modification;8
distribué;8
permettait;8
kleijnen;8
ethosys;8
essentiellement;8
essentielle;8
particularité;8
fenêtre;8
invasion;8
essayer;8
feu;8
fichier;8
micol;8
intégrant;8
michelin;8
hybride;8
impossible;8
prédire;8
marseille;8
origine;8
importance;8
diffusion;8
marine;8
ordre;8
corse;8
wiley;8
network;8
identifier;8
basée;8
avancée;8
multiple;8
résolution;8
lobiger;8
terrestre;8
autour;8
stable;8
hall;8
octet;8
détaillée;8
ème;8
èse;8
associé;8
assurer;8
attente;8
long;8
framework;8
meilleure;8
propose;8
discipline;8
reproduction;8
analyser;8
volume;8
lesquelles;8
construit;8
nice;8
améliorer;8
représenter;8
cause;8
contaminée;8
gap;8
reposent;8
gemini;8
éradication;8
subornata;8
engineering;8
amélioration;8
formelle;8
continu;8
limace;8
mavis;8
montagne;9
nouveau;9
tester;9
tâche;9
dizaine;9
séquence;9
ecosystem;9
date;9
travers;9
réutilisabilité;9
démarche;9
doctorat;9
début;9
théorie;9
définir;9
european;9
ternant;9
parle;9
terminologie;9
effectuée;9
confrontation;9
métamodèle;9
drogoul;9
continue;9
programming;9
addison;9
seront;9
pluridisciplinaire;9
acquise;9
locale;9
vitesse;9
menée;9
possède;9
homme;9
cambridge;9
gain;9
intéressante;9
bézivin;9
botkin;9
acquisition;9
augmenter;9
wesley;9
biologiste;9
biologie;9
autant;9
mar;9
automatique;9
prentice;9
gros;9
automatiquement;9
winter;9
presses;9
généré;9
jensen;9
explorer;9
équation;9
expérimental;9
ingénierie;9
cohérent;9
présentant;9
life;9
préliminaire;9
aider;9
seul;9
appliquée;9
ieee;9
plant;9
rapidement;9
petri;9
élaboration;9
vigor;9
appréhender;9
ferber;9
virtuelle;9
mieux;9
identification;9
difficulté;10
largement;10
précis;10
troupeau;10
société;10
discrete;10
apparaître;10
aujourd;10
development;10
serait;10
hui;10
eau;10
développée;10
spécialiste;10
deuxième;10
apport;10
éthologie;10
quatre;10
dit;10
transitoire;10
assemblage;10
perspective;10
message;10
fixé;10
conférence;10
moyen;10
final;10
conduit;10
jacobson;10
chevaux;10
façon;10
particulièrement;10
pris;10
valider;10
traitement;10
montre;10
validité;10
eux;10
event;10
cohérence;10
pendant;10
expérimentation;10
communauté;10
opération;10
correspondant;10
marin;10
bombe;10
elysia;10
évidence;10
uniquement;10
bon;10
universitaire;10
fournit;10
reproduire;10
fortement;10
oxynoe;10
optimisation;10
suite;10
paragraphe;10
principale;10
font;10
using;10
trou;11
comparaison;11
aborder;11
distance;11
acteurs;11
agit;11
distribuée;11
étudiée;11
atteinte;11
variation;11
concevoir;11
codage;11
valide;11
petite;11
changement;11
utile;11
considéré;11
capable;11
conçu;11
océanographie;11
disponible;11
proposée;11
ascoglosse;11
obtenue;11
trouvé;11
précise;11
précision;11
précisément;11
réelle;11
précédemment;11
dire;11
directement;11
méthodologie;11
scénario;11
july;11
mécanisme;11
lesquels;11
estive;11
efficace;11
susceptible;11
spécifique;11
décision;11
théorique;11
longue;11
gravez;11
france;11
logicielle;11
gourgand;11
interface;11
entretien;11
eory;11
simula;11
gueugnot;11
notation;11
donne;11
mer;11
pourra;12
symposium;12
proie;12
attention;12
thèse;12
vers;12
retenu;12
aussem;12
trouve;12
forte;12
algorithme;12
sargent;12
sea;12
potentiel;12
mêmes;12
balci;12
design;12
soient;12
interprétation;12
logique;12
proposer;12
beaucoup;12
proposition;12
complet;12
écologique;12
cadriciel;12
comment;12
exploitation;12
seconde;12
page;12
gis;12
construire;12
workshop;12
york;12
bouture;12
présentation;12
ensuite;12
pin;12
sûr;12
ibaut;12
transaction;12
produit;12
mathématique;12
ordinateur;12
représente;12
trois;12
exion;12
spatiaux;12
smith;12
adaptée;12
présence;13
construction;13
lié;13
utilisés;13
sera;13
animal;13
environment;13
époque;13
enfin;13
analysis;13
prévosto;13
initiale;13
apprentissage;13
grand;13
parfois;13
leml;13
avantage;13
ailleurs;13
actuellement;13
évaluation;13
végétale;13
boudouresque;13
growth;13
plante;13
haut;13
kellert;13
fréquence;13
cela;13
combinaison;13
principaux;13
dernier;13
connu;14
consiste;14
particulier;14
fin;14
dynamic;14
rapide;14
intéressé;14
certain;14
divers;14
réfl;14
suivante;14
souhaite;14
port;14
chercheur;14
synthèse;14
aucun;14
classique;14
lorsqu;14
spectre;14
écran;14
dernière;14
intervalle;14
trop;14
with;14
développer;14
correspond;14
new;14
machine;14
fourni;14
table;14
seule;15
ceci;15
exploration;15
avais;15
avion;15
composants;15
confiance;15
ici;15
service;15
limos;15
présenter;15
intéressant;15
graine;15
contrôle;15
dès;15
réels;15
diego;15
naturel;15
observation;15
breugnot;15
fournir;15
déterministe;15
lecteur;15
déplacement;15
software;15
ferrand;16
difficile;16
lutte;16
collègue;16
solution;16
catégorie;16
ressources;16
règle;16
tropicale;16
répartition;16
classification;16
besoin;16
technologie;16
prédateur;16
donné;16
toujours;16
prédiction;16
importante;16
dumont;16
utilisé;16
toute;16
clermont;17
effectué;17
lieu;17
liée;17
groupe;17
présentée;17
vue;17
performance;17
présentent;17
parallèle;17
sortie;17
gps;17
moins;17
déjà;17
obtenu;17
foliaire;17
impact;17
vache;17
fois;17
contexte;17
caractéristique;17
language;17
dimension;17
probabilité;17
physique;17
arbre;17
avant;17
compréhension;17
utiliser;17
mediterranean;17
rapport;18
détail;18
abordé;18
description;18
san;18
herbivores;18
permettre;18
vérifier;18
dédié;18
colonisation;18
certains;18
élémentaire;18
effectuer;18
comprendre;18
existe;18
courbe;18
couverture;18
utilise;18
spatial;18
convient;18
erreur;18
organisation;18
proposé;18
modéliser;18
méditerranée;18
première;18
orientée;18
tant;18
nature;19
concernant;19
but;19
certaine;19
architecture;19
maintenant;19
terme;19
dispersion;19
question;19
doivent;19
période;19
spectrale;19
caulerpe;19
capacité;19
génie;19
attribut;19
développé;19
loi;19
limite;19
pâturage;19
collaboration;19
utilisée;20
suivi;20
condition;20
implémentation;20
ouvrage;20
notion;20
milieu;20
forest;20
nombreuses;20
génération;20
statique;20
déterminer;20
matière;20
puis;20
facteur;20
obtenir;20
vaugelas;20
computer;20
compétition;20
étudier;20
concerne;20
intégration;20
mettre;20
inra;20
constitue;21
représentation;21
important;21
propre;21
pascal;21
image;21
java;21
réaliste;21
uence;21
celles;21
depuis;21
cet;21
seulement;21
action;21
scs;22
posidonie;22
fishwick;22
trace;22
intérêt;22
réflexions;22
définition;22
oeuvre;22
communication;22
diagramme;23
entrée;23
contre;23
blaise;23
uml;23
interne;23
ecology;23
forme;23
discrète;23
laboratoire;23
simuler;23
nouvelle;23
flux;23
phénomène;23
programmation;23
lorsque;23
faire;23
taille;23
éds;23
propagation;23
spécification;23
press;23
parcelle;24
distribution;24
permis;24
ecological;24
aide;24
réalisé;24
parmi;24
utilisateur;24
élément;24
qualité;25
étant;25
générale;25
visualisation;25
mise;25
reste;25
végétation;25
réalisée;25
réaliser;25
réalisation;25
mesure;25
utilisant;26
étaient;26
situation;26
celui;26
couplage;26
issue;26
université;26
prendre;26
hypothèse;26
scientifique;26
jour;26
dont;26
proceeding;26
concept;27
saed;27
possibilité;27
cycle;27
principalement;27
nombreux;27
system;27
mode;27
paris;27
neurones;27
giga;27
premier;27
contrainte;27
ans;28
échelle;28
pouvoir;28
terrain;28
faut;28
mazel;28
conceptuel;28
présenté;28
abstraction;28
production;29
structure;29
zeigler;29
bibliographiques;29
gestion;29
peu;29
exécution;29
encore;29
travail;29
prise;29
grande;29
étudié;29
annexe;29
etc;29
souvent;29
réalité;30
permettant;30
international;30
valeur;30
infl;30
sein;31
notamment;31
vie;31
oriented;32
quelque;32
simple;32
plan;32
évolution;33
après;33
entité;33
modeling;33
expert;33
mémoire;33
grâce;33
visuelle;33
trait;33
variable;34
expansion;34
conference;34
conclusion;34
présente;34
partir;35
base;35
projet;35
herbier;35
écologie;35
permettent;35
réel;36
géographique;36
population;36
complexité;36
surface;36
espace;36
suivant;36
moyenne;36
interactive;36
campos;36
tous;37
cependant;37
était;37
choix;37
for;37
nécessaire;37
code;38
cours;38
sig;38
programme;38
aléatoire;38
simulateur;38
relation;38
statistique;39
forêt;39
object;40
aussi;40
non;40
modelling;40
fonction;41
site;41
point;41
agnelle;41
individu;41
phase;41
référence;42
biologique;42
carte;43
science;43
partie;43
part;43
activité;44
réplication;44
fonctionnement;45
année;46
langage;46
animaux;46
based;47
interaction;47
bol;47
manière;47
multi;48
soit;48
état;48
permet;49
différentes;49
recherche;49
calcul;50
introduction;50
meinesz;50
information;51
cadre;51
événement;51
stochastique;52
graphique;52
algue;53
paramètre;53
aspect;54
classe;54
connaissance;55
expérience;55
processus;55
travaux;57
type;57
bien;57
cas;58
plusieurs;58
différent;59
utilisation;59
spatiale;59
réseau;59
model;59
coquillard;60
espèce;60
complexe;60
possible;60
ensemble;61
compte;61
croissance;61
exemple;62
informatique;62
dynamique;63
développement;63
deux;63
peuvent;63
conception;64
test;65
niveau;67
étude;67
objectif;67
effet;70
discret;73
nombre;73
environnement;75
méthode;77
temps;83
également;84
vol;85
vérification;87
web;88
taxifolia;90
application;91
animation;93
zone;93
comportement;96
problème;103
caulerpa;110
logiciel;111
domaine;111
outil;112
agent;122
analyse;126
donnée;137
approche;144
écosystème;151
validation;168
chapitre;184
technique;196
figure;201
objet;209
résultat;226
hill;228
modélisation;311
système;403
modèle;635
simulation;784
