prophète;1
face;1
proposons;1
proposions;1
facilitait;1
facilitant;1
proposent;1
proposait;1
proposaient;1
facilities;1
facilitée;1
propice;1
propriétaires;1
factorielles;1
factorisant;1
properties;1
propager;1
proof;1
faisait;1
promise;1
faisons;1
prometteurs;1
prolifère;1
fantaisistes;1
prouver;1
provoquées;1
provoquent;1
provisoire;1
provient;1
provenant;1
extend;1
prouvée;1
extent;1
prouvé;1
extinction;1
extraire;1
projects;1
extrapolations;1
protéines;1
protéger;1
extérieur;1
protège;1
exécutable;1
prototyping;1
proton;1
protection;1
prospects;1
privilégié;1
procède;1
ferrara;1
ferroviaire;1
fertilisation;1
fesrub;1
processed;1
feuillage;1
proc;1
feuilletons;1
probablement;1
fiber;1
fergusson;1
privilégient;1
figurent;1
figurer;1
prisée;1
filho;1
priorités;1
filling;1
filtrage;1
priori;1
finale;1
finalisation;1
profiter;1
prohibitifs;1
fatigue;1
faudra;1
faudrait;1
fauna;1
faure;1
programmer;1
favoris;1
prog;1
profité;1
fax;1
prudente;1
feasibility;1
february;1
professional;1
feed;1
fennica;1
produira;1
productif;1
procédé;1
procédurales;1
procéder;1
examinés;1
evaluate;1
préoccupant;1
every;1
evidence;1
préjugés;1
evolutive;1
exacte;1
exactement;1
préférées;1
examine;1
préférer;1
evacuation;1
example;1
préférentiellement;1
excessif;1
excessive;1
préférences;1
excluant;1
exclure;1
préférais;1
exclusive;1
préférable;1
execution;1
présenterons;1
estimant;1
prévisionnelles;1
prévisionnel;1
estimer;1
estimons;1
prévisible;1
estimée;1
présumer;1
etats;1
présomption;1
ethology;1
préfèrent;1
etienne;1
etveblen;1
europe;1
préparer;1
eurosim;1
eurs;1
eut;1
euves;1
préoccupations;1
euxmêmes;1
explore;1
explicit;1
préconisant;1
préconisait;1
expliquait;1
précités;1
précisé;1
précieux;1
précieuse;1
exploité;1
exploitées;1
préalablement;1
explicative;1
explorent;1
préalable;1
exploring;1
exploré;1
explosion;1
exponentielle;1
exporté;1
expose;1
exposerons;1
exposées;1
existet;1
exhaustif;1
prédéfinis;1
prédit;1
prédirait;1
prédilection;1
existaient;1
prédictivité;1
prédictive;1
prédictibilité;1
prédicats;1
précéder;1
financiers;1
exogènes;1
exp;1
préconisons;1
experience;1
experimental;1
experimentation;1
experiments;1
préconisions;1
explained;1
explicatif;1
gagne;1
platform;1
fundamentals;1
fungi;1
plateforme;1
fussent;1
plastids;1
fuzzy;1
fwns;1
fécondité;1
félicité;1
gagez;1
fumée;1
plasticity;1
planétaire;1
plane;1
planctonophage;1
garantie;1
garantir;1
garantissant;1
planctonique;1
garcia;1
plaisance;1
plain;1
plos;1
pluri;1
frappant;1
fraser;1
frayère;1
freeranging;1
pluie;1
frequency;1
friche;1
from;1
plot;1
fructueux;1
gasqui;1
frédéric;1
frédérique;1
plongée;1
pleinement;1
pleine;1
fréquentent;1
fréquentes;1
fugaces;1
player;1
plausibles;1
phylogeny;1
ghetto;1
pied;1
pictures;1
gigabits;1
gigantesque;1
picea;1
physiologiques;1
physiological;1
glenn;1
physico;1
phylogénétiques;1
pietkiewicz;1
goarrays;1
phylogenetic;1
phylarray;1
phycology;1
phrase;1
gourmandes;1
gouvernent;1
gpl;1
photosynthèse;1
gradient;1
generalizing;1
gastropoda;1
gastéropodes;1
placé;1
gauchi;1
gaussienne;1
placettes;1
geist;1
piétinement;1
piétinant;1
pièges;1
gener;1
pluvio;1
generation;1
genova;1
pivot;1
gens;1
pirevs;1
piloté;1
germany;1
pilotes;1
germination;1
pile;1
pousse;1
predicting;1
predators;1
praxis;1
fonctionnaires;1
pradeyrol;1
fonctionnant;1
practitionners;1
practical;1
fonctionnellement;1
poussée;1
poussé;1
focalisant;1
fonctionner;1
poussant;1
foncées;1
fondamentalement;1
fondamentaux;1
fonde;1
fondement;1
pourrions;1
fondé;1
fontaine;1
food;1
fixions;1
financé;1
finaux;1
primitifs;1
finis;1
primer;1
primaeval;1
prey;1
fiskwick;1
fit;1
fixais;1
fixer;1
pothèse;1
presentation;1
prescrites;1
prenions;1
prendra;1
florent;1
florida;1
flots;1
fluctuating;1
prenait;1
fms;1
polynomiale;1
forçant;1
portait;1
fossé;1
fougairolle;1
portable;1
porquerolles;1
poppra;1
pools;1
pontes;1
pont;1
polypeptidiques;1
fortin;1
fourragers;1
polluantes;1
fractale;1
fractionné;1
fragmentation;1
fragments;1
frame;1
politiques;1
poitrine;1
poatri;1
possédait;1
potentiellement;1
potentielle;1
forcer;1
forecasting;1
posteriori;1
forestier;1
foret;1
forlag;1
formalisation;1
formalisé;1
posséder;1
estce;1
possesses;1
posons;1
positionné;1
positionne;1
former;1
positioning;1
posent;1
forska;1
porter;1
portement;1
déduit;1
découvre;1
rence;1
remplissage;1
décris;1
remplis;1
remplacé;1
décrivent;1
remplace;1
remontent;1
déductibles;1
remonte;1
découvrant;1
défaut;1
défendu;1
remarquons;1
remarquablement;1
remarquable;1
définissions;1
relève;1
relire;1
déforme;1
dégénérescence;1
relief;1
renvoie;1
débouché;1
reportant;1
débutants;1
débuter;1
décelables;1
déceler;1
repas;1
renvoyons;1
décharge;1
décide;1
renvoient;1
délai;1
renseignement;1
renoncer;1
décomposant;1
décomposeurs;1
rendement;1
découlaient;1
rencontrer;1
découlent;1
rencontrent;1
rencontraient;1
déroule;1
déplacent;1
regrouper;1
déplaçant;1
déploiement;1
déployer;1
déraisonnables;1
dérisoires;1
regretter;1
regression;1
regions;1
dérivés;1
regroupées;1
déroulement;1
regarder;1
dérèglement;1
regarde;1
désappointant;1
désertiques;1
désigner;1
désignera;1
refuser;1
refuse;1
démontrer;1
délaissement;1
reliant;1
délimiter;1
délimitée;1
délivraient;1
relecture;1
relatif;1
démarrer;1
démarré;1
démocratisation;1
relancée;1
débordant;1
relais;1
démontrée;1
rela;1
rejets;1
dépassant;1
dépassent;1
dépend;1
reisser;1
dépendent;1
regroupés;1
divisions;1
retirer;1
retarder;1
disturbance;1
restrictifs;1
diterpenoids;1
restreinte;1
divergent;1
diverger;1
restreindre;1
restons;1
rester;1
retombées;1
divisée;1
restart;1
restait;1
dmso;1
ressour;1
ressorti;1
ressort;1
documents;1
dod;1
ressembler;1
ressemblance;1
dissymétries;1
rigoureuse;1
rigorous;1
disposait;1
riches;1
rhizoïdes;1
reçu;1
disposions;1
rewriting;1
dissertation;1
dissociait;1
reviendrai;1
responsable;1
disséminent;1
revanche;1
distantes;1
distants;1
distilled;1
reuse;1
reusable;1
distinguons;1
distribuer;1
retouché;1
duquel;1
dry;1
dsl;1
dtd;1
reprises;1
dubuc;1
represents;1
representations;1
reprenons;1
dumoulin;1
reprendre;1
dupeux;1
drug;1
during;1
reprenant;1
dus;1
duthoit;1
dutton;1
repousses;1
reportée;1
reporte;1
débogages;1
débogué;1
requêtes;1
responsabilité;1
domestiques;1
dominant;1
domine;1
donnaient;1
respectifs;1
donnent;1
respectant;1
resource;1
res;1
donnés;1
désoxyribonucléique;1
requis;1
dordrecht;1
requiring;1
dotés;1
requin;1
doursat;1
douze;1
dressé;1
reproductive;1
reproducing;1
radhakrishnan;1
entamé;1
entend;1
enthousiastes;1
radular;1
radula;1
radiogoniométrique;1
entièrement;1
entoure;1
entraînait;1
radicalement;1
radical;1
raisonnée;1
racines;1
racinaires;1
quotas;1
quitter;1
entrer;1
quitte;1
ques;1
entretient;1
quelquefois;1
quasiment;1
quasi;1
enjeu;1
enforestation;1
enfrichés;1
engendre;1
engendré;1
ram;1
englewood;1
englobe;1
ralentit;1
enhancement;1
enhancing;1
ralentissement;1
envahissant;1
enregistre;1
enregistrement;1
enregistrent;1
ralentir;1
ralentie;1
enrichi;1
enseignant;1
rajouter;1
rajoute;1
ensevelissent;1
esquisser;1
escomptés;1
puissantes;1
esis;1
espagne;1
espoir;1
puisqu;1
puf;1
espérance;1
pubp;1
espérons;1
esquissant;1
error;1
esquiver;1
ess;1
essaloniki;1
publi;1
psychologie;1
pseudorandom;1
psa;1
prêter;1
prévue;1
essor;1
pâturés;1
envahissante;1
envahissement;1
enveloppe;1
quantitatifs;1
quantique;1
quant;1
qualitative;1
environnementaux;1
environs;1
pétri;1
pénétrer;1
ramification;1
puterized;1
envisagés;1
envoyer;1
envoyés;1
eoretic;1
pulsionnel;1
pulido;1
eph;1
ept;1
erronés;1
recolterez;1
record;1
reconstruire;1
développeurs;1
reconquête;1
déviations;1
dévié;1
déçu;1
reconnues;1
reconnaître;1
eco;1
reconnaissons;1
recourir;1
ecomod;1
economics;1
ecosim;1
edala;1
edinburgh;1
edition;1
recentré;1
effectuait;1
recense;1
realistic;1
effectuent;1
recul;1
déstabilise;1
désynchronisation;1
déséquilibre;1
refus;1
détaillent;1
détaillons;1
reference;1
détaillés;1
ref;1
détectées;1
déterminait;1
real;1
détermine;1
déterminent;1
recueilli;1
recueil;1
recouvre;1
recouverts;1
détourner;1
recouvertes;1
détruits;1
recours;1
range;1
emerging;1
emotion;1
empirical;1
rase;1
empiriquement;1
emploi;1
empêche;1
empêcher;1
rappor;1
rapidité;1
encadrée;1
embroussaillement;1
enclos;1
encombrantes;1
random;1
rand;1
encourageants;1
encourus;1
endiguer;1
endogènes;1
endomorphic;1
rampantes;1
elementary;1
readed;1
effi;1
raxifolia;1
efficacement;1
rattraper;1
efficient;1
rattachées;1
egee;1
eiffel;1
rattachent;1
rassurant;1
graham;1
elevators;1
ellipse;1
elsaz;1
rassembler;1
elyrep;1
rassasiement;1
elzas;1
emblée;1
embouchure;1
embrasse;1
muséum;1
journalières;1
méditerannée;1
médiocres;1
judéo;1
jugées;1
juin;1
mètre;1
juridiques;1
myrhaug;1
muti;1
justement;1
méga;1
multivariés;1
justifié;1
justifiée;1
multitude;1
juxtaposés;1
multiprocesseurs;1
multiplicité;1
multimédia;1
multimodel;1
multiformalismes;1
multiformalism;1
jhonsson;1
natural;1
nations;1
jdevs;1
nationaux;1
nat;1
jena;1
nastis;1
jep;1
jerôme;1
mêlant;1
métaux;1
kienast;1
métastases;1
métamodéliser;1
joie;1
joint;1
joncs;1
joop;1
métabolites;1
joubert;1
mériteraient;1
mémorisation;1
moose;1
mosaic;1
laforia;1
morphologiques;1
morphologie;1
laissera;1
laissées;1
lait;1
laize;1
morphogénèse;1
lamaze;1
lamennais;1
lacustres;1
lancer;1
lancet;1
lancées;1
montréal;1
montage;1
monospécifiques;1
monographs;1
monocultures;1
laplace;1
mono;1
lara;1
mts;1
kim;1
kingdom;1
multifacetæed;1
multidomaine;1
multidimensionnelles;1
kleptoplastie;1
multidiciplinary;1
multiconferences;1
knaber;1
mullet;1
kobenhavn;1
near;1
moving;1
motivée;1
kumagai;1
kumar;1
kuris;1
motif;1
moteur;1
laboratory;1
laborieux;1
mot;1
intègrent;1
into;1
intra;1
intrinsèque;1
nurserie;1
numérotée;1
introduira;1
numbers;1
nue;1
introduisent;1
nucléaire;1
nuclear;1
intimement;1
nucl;1
intégralité;1
nuage;1
intégrateur;1
intégrées;1
nov;1
notoires;1
intéresser;1
notera;1
norway;1
northwestern;1
interroger;1
interfacé;1
interindividuelles;1
internal;1
internationalworkshop;1
oasis;1
négociation;1
négligence;1
néfastes;1
interpréter;1
interrogations;1
interrogeons;1
intérÊt;1
interrogées;1
interrompant;1
interscience;1
intersection;1
nécessitera;1
nécessitait;1
intervenus;1
nygaard;1
intervient;1
nutritionnelles;1
next;1
isem;1
ishida;1
nominal;1
ismc;1
isoler;1
noire;1
isolément;1
issm;1
nizam;1
nintendo;1
italie;1
isbn;1
newton;1
neuvième;1
jacentes;1
neuronal;1
jaeger;1
jaffrennou;1
nettement;1
jamshidi;1
jan;1
janak;1
investissement;1
normalisation;1
invaded;1
invading;1
invalidables;1
invalidation;1
invalide;1
normale;1
normal;1
investi;1
investigation;1
investir;1
monica;1
invitons;1
invitée;1
nommions;1
ions;1
irait;1
nommerait;1
irréalisable;1
irréaliste;1
irrégularité;1
irréversible;1
mcleod;1
machining;1
macnae;1
madary;1
maenas;1
maginot;1
magnétophone;1
mahy;1
medicine;1
med;1
mains;1
means;1
meeyai;1
mcgraw;1
maintenus;1
maire;1
maison;1
mcclelland;1
major;1
majoritairement;1
makes;1
making;1
maîtriser;1
malade;1
lourdement;1
merge;1
lolper;1
lomaps;1
mentionnons;1
ment;1
longtemps;1
mensuelles;1
look;1
menager;1
menacé;1
lourde;1
maladroit;1
luc;1
lumineux;1
melnick;1
meinez;1
lutter;1
lymphatique;1
meineisz;1
meier;1
légers;1
lévy;1
mariage;1
many;1
mapgraphix;1
mapped;1
matlab;1
matiques;1
marcel;1
mathematics;1
marché;1
math;1
mastitis;1
mari;1
manuscrit;1
masson;1
marieze;1
masse;1
marina;1
marées;1
maritimes;1
marvin;1
markovienne;1
martin;1
marqué;1
mauvaise;1
malaisée;1
maître;1
maximisent;1
man;1
manage;1
manchester;1
mange;1
manger;1
mangialajo;1
manifeste;1
manipulables;1
messaging;1
matérialisent;1
maturité;1
manipulons;1
manipulés;1
matter;1
manquait;1
manquantes;1
manuels;1
manufacturiers;1
matrix;1
lever;1
modifié;1
lemée;1
modifi;1
modeles;1
leslie;1
modalités;1
mnemiopsis;1
lessivats;1
letters;1
lettres;1
missile;1
leidyi;1
minéraux;1
levée;1
lewin;1
minutieux;1
lhs;1
liant;1
minuteman;1
licence;1
ministère;1
mining;1
lifegrid;1
ldmc;1
mone;1
mondialement;1
moments;1
lassent;1
lasserre;1
molécule;1
lavenberg;1
mollusaca;1
molenaar;1
molecular;1
lcdpu;1
light;1
leader;1
learn;1
learned;1
leccia;1
lecoustre;1
modélisons;1
ledru;1
modélisant;1
modular;1
modula;1
livré;1
liront;1
lisent;1
lisible;1
liss;1
microbiennes;1
litaire;1
litp;1
mia;1
mexicana;1
lively;1
livre;1
microbiens;1
meurt;1
mettälä;1
methodologies;1
metha;1
meth;1
locaux;1
logarithmique;1
logic;1
met;1
mesurable;1
limitons;1
miniature;1
ligneuses;1
ligneux;1
mines;1
minds;1
limitant;1
million;1
milliards;1
limited;1
limitent;1
mill;1
interfacer;1
limits;1
milition;1
migration;1
microstructure;1
lin;1
lindner;1
linear;1
lines;1
linn;1
microclimat;1
historien;1
heurtés;1
hidden;1
hierarchical;1
highly;1
participants;1
him;1
partialité;1
hinton;1
partial;1
partenaires;1
partagées;1
heurtée;1
partagent;1
history;1
hiver;1
partage;1
hiérarchisé;1
parsemée;1
hmax;1
hocus;1
parlerons;1
holistiques;1
hollan;1
passait;1
harper;1
pastre;1
passées;1
hasardeuses;1
hasardeux;1
passifs;1
have;1
passau;1
helm;1
passant;1
heraklion;1
parlerait;1
herbagères;1
paru;1
herd;1
herget;1
partitionnement;1
partition;1
heterogeneity;1
heterogeneous;1
partielle;1
particular;1
hôpital;1
humilité;1
parallélisé;1
paralléliser;1
parallelization;1
hypercubes;1
hypermedia;1
hystérétique;1
para;1
héliocentrique;1
paperback;1
hésiter;1
humide;1
papanastis;1
iamsirithaworn;1
pandémie;1
paljakka;1
pacifique;1
ices;1
ozone;1
ovins;1
identifi;1
ovine;1
hors;1
parlerai;1
parler;1
honda;1
parking;1
honjo;1
parier;1
hopital;1
hopkins;1
horizons;1
horizontal;1
horloge;1
hardwood;1
parfaite;1
hostile;1
how;1
parfait;1
parfaire;1
parcouru;1
parcimonie;1
parasitaires;1
paramétriques;1
humblement;1
personnelles;1
greffées;1
grenoble;1
gressive;1
griffin;1
perturbe;1
grippale;1
pertinents;1
grisée;1
perte;1
persuadés;1
grossièrement;1
perçue;1
personal;1
perpectives;1
perochon;1
gré;1
permette;1
permanence;1
perimeter;1
perestrello;1
guidelines;1
guider;1
guidées;1
philosophe;1
grain;1
photique;1
graminées;1
grammaire;1
phoenix;1
phlpra;1
philosophique;1
grandement;1
grandeur;1
grandissant;1
philosophies;1
pereira;1
philippe;1
phanérogame;1
peyretaillade;1
graphix;1
graphs;1
pests;1
pessimiste;1
gratte;1
pesons;1
grazing;1
habituel;1
géocentrique;1
géographie;1
géométrie;1
géoréférencées;1
gérant;1
gérard;1
pawlowski;1
gérée;1
haas;1
pauvrement;1
habitudes;1
paysager;1
pauling;1
habité;1
haleine;1
halfton;1
halimedae;1
patrie;1
halloran;1
pasture;1
handle;1
hanshaoworakul;1
généralisation;1
perdues;1
perdre;1
percevoir;1
percer;1
génisses;1
génomes;1
génèrerait;1
pensée;1
pensé;1
généralement;1
généralisable;1
identifient;1
généralisées;1
générant;1
pense;1
pendula;1
pelouses;1
peint;1
généricité;1
peine;1
peet;1
paysagères;1
offrant;1
ollivieri;1
informative;1
oligonucléotides;1
informent;1
ole;1
infrastructure;1
inféodés;1
inférer;1
oicms;1
inférieures;1
ingested;1
informant;1
offertes;1
inherent;1
offer;1
oecologica;1
initialement;1
oecol;1
océanographique;1
initialisé;1
océanographes;1
initié;1
initiées;1
indéfiniment;1
indisponibles;1
opisthobranchs;1
operational;1
openmp;1
individuellement;1
induire;1
induisent;1
oovhdl;1
industrial;1
oos;1
industrielle;1
injustifié;1
oopsla;1
omt;1
indépendance;1
omis;1
indésirables;1
infectious;1
infime;1
infinitésimales;1
omg;1
omettons;1
intentions;1
occupées;1
insuffi;1
insuffisance;1
insuffisantes;1
integrated;1
occidentale;1
integrative;1
intel;1
occasional;1
occasion;1
intended;1
instr;1
obtenons;1
obsolète;1
observons;1
observerons;1
interactivité;1
interagit;1
interconnexion;1
obscure;1
interest;1
oblitérer;1
inspection;1
octobre;1
october;1
inria;1
oct;1
inscrivent;1
insectes;1
insight;1
insignifiante;1
insondable;1
insoupçonnés;1
inspecter;1
opportunité;1
inspiration;1
inspirées;1
instabilités;1
instables;1
installation;1
oceanologica;1
instancier;1
occurs;1
instantané;1
occurrence;1
implé;1
immédiatement;1
otherwise;1
imparti;1
imperial;1
implantation;1
implantés;1
implementing;1
oscillations;1
impliquent;1
orleans;1
impliquée;1
imaginons;1
implémentables;1
originalité;1
original;1
implémente;1
implémentent;1
originaires;1
origin;1
organisés;1
organisms;1
importe;1
imposante;1
oublis;1
overgaard;1
identifions;1
ouvrir;1
ouvre;1
out;1
idl;1
idéal;1
our;1
idéalisation;1
ouest;1
ierardi;1
organique;1
ifremer;1
ignorant;1
ignorer;1
ijcbdd;1
illusion;1
illustration;1
ottant;1
imagerie;1
imaginaires;1
imaginer;1
incorporées;1
inclure;1
optimization;1
incomplets;1
optimiste;1
incomplètement;1
inconnues;1
inconnus;1
incontournable;1
optimaux;1
incorporant;1
incorporerait;1
incluent;1
incorporés;1
incroyable;1
indications;1
optimal;1
indiquaient;1
indiquant;1
indique;1
indiquer;1
opposée;1
indisciplinarité;1
inactif;1
imposent;1
org;1
oren;1
imposée;1
impression;1
impressionnant;1
impressionnantes;1
improve;1
imprévisible;1
impulsion;1
inaccessibles;1
reposer;1
inactive;1
inadaptées;1
incan;1
incapables;1
incapacité;1
opèrent;1
optique;1
incisions;1
incl;1
optimum;1
tuent;1
barthelemy;1
télédétection;1
télécommunications;1
typiquement;1
typique;1
baseline;1
typage;1
basique;1
turing;1
tumorales;1
bataille;1
barraud;1
tuel;1
bathymétriques;1
ttc;1
baud;1
bazjanac;1
trouées;1
trouvées;1
bed;1
beer;1
behaviour;1
baptiste;1
umast;1
aériens;1
aïello;1
bachelet;1
back;1
backtranslation;1
bactériennes;1
ulvophyceae;1
ultimate;1
uides;1
uençant;1
bel;1
baranova;1
uctuant;1
barbara;1
uchimura;1
ubac;1
téléphoniques;1
bare;1
barra;1
barrage;1
barrat;1
transmises;1
bignon;1
travel;1
biochimie;1
biocénoses;1
travaillions;1
bioinformatiques;1
trapézoïdale;1
traore;1
trany;1
transporter;1
biologiquement;1
traçabilité;1
transmettre;1
biopress;1
bioscience;1
biosphère;1
biota;1
transférés;1
bird;1
birkhauser;1
traiterons;1
bjets;1
trivial;1
trouverez;1
believable;1
belin;1
trouvera;1
trouvait;1
belscher;1
tropiques;1
trophiques;1
trompeuses;1
bernie;1
triviaux;1
umr;1
trifl;1
tridimensionnelle;1
betula;1
triangulaire;1
bias;1
trentaine;1
biderre;1
bidimensionnelle;1
trends;1
bienenstock;1
vanité;1
attestant;1
attirance;1
vegetation;1
vaut;1
variées;1
varient;1
attrapées;1
attribuée;1
atténuant;1
audio;1
var;1
vehicles;1
vandermeer;1
august;1
value;1
valoriser;1
valorisation;1
valleron;1
valident;1
auraient;1
validating;1
aurons;1
attacked;1
versants;1
atlanta;1
atlantique;1
atmospheric;1
atmosphère;1
versailles;1
attachant;1
verrous;1
verrons;1
verre;1
verlhust;1
vacances;1
verion;1
atteignions;1
venue;1
venait;1
attend;1
attendant;1
attendons;1
attendre;1
veiller;1
veille;1
ungchusak;1
unitaires;1
unisériée;1
avance;1
avancement;1
avancer;1
avancés;1
uninhabited;1
unify;1
aves;1
unifi;1
unif;1
universelles;1
avouris;1
unes;1
avère;1
avèrent;1
avérer;1
awt;1
unep;1
ayons;1
under;1
azteca;1
usitées;1
australie;1
australiennes;1
austria;1
v&v;1
utilization;1
utilisions;1
autochtones;1
utilisais;1
automation;1
uti;1
automatisation;1
blachier;1
automobile;1
usine;1
autonomous;1
autoregressive;1
usdp;1
urng;1
urbains;1
unsa;1
unleashed;1
autriche;1
sûrement;1
tasmanie;1
carolina;1
tard;1
carrère;1
carrés;1
cartographes;1
tampons;1
cartographier;1
talavera;1
takada;1
cartography;1
carences;1
cassar;1
cassure;1
sérieux;1
catastrophes;1
catastrophic;1
sérialisés;1
séquentiellement;1
cativement;1
catives;1
séquentiel;1
tement;1
tend;1
camemberts;1
camions;1
camp;1
rigoureusement;1
tenace;1
temporal;1
templado;1
cancérisation;1
cao;1
temperature;1
cauchemez;1
caps;1
telecommunication;1
teeth;1
caractéri;1
caractérise;1
tech;1
tchernev;1
caractérisés;1
carbon;1
carcinus;1
chain;1
symboles;1
symbiotic;1
symbiosis?;1
certes;1
cerveaux;1
cesse;1
cessent;1
symbioses;1
chablis;1
sylver;1
sykes;1
cerner;1
chambres;1
sycara;1
champagnac;1
sweden;1
changeait;1
sustainable;1
suspendre;1
survolé;1
channel;1
survivraient;1
sélectionnées;1
séparément;1
caulerpales;1
caulerpan;1
séparées;1
caulerpicine;1
caulerpine;1
causalité;1
séparent;1
sénescence;1
cedex;1
ceinturent;1
callune;1
cellular;1
sèche;1
sytems;1
systé;1
systemic;1
synthétisées;1
synthétiser;1
synthétise;1
synthétiquement;1
cercles;1
tions;1
toolkit;1
bouleau;1
tolérance;1
bout;1
tissus;1
tirer;1
tire;1
bpclermont;1
bradfords;1
bradley;1
branches;1
touffes;1
breach;1
tillman;1
brest;1
bretagne;1
tillers;1
tillering;1
bridging;1
ticulier;1
britanniques;1
broussailles;1
tragedy;1
blacksburg;1
blanc;1
bleu;1
blightg;1
bloquantes;1
bloquants;1
bogues;1
training;1
trahit;1
boisements;1
boite;1
broutant;1
traduire;1
traditionnelles;1
bonheur;1
bonmarin;1
bonnal;1
tradeoff;1
toxines;1
books;1
tourner;1
bornes;1
calculating;1
bénéfique;1
béton;1
testing;1
cacement;1
cache;1
teste;1
cachés;1
cadence;1
terminée;1
cages;1
terminait;1
bénéfices;1
tenu;1
tentée;1
calculés;1
caler;1
tente;1
tentati;1
tentaient;1
tent;1
california;1
teneur;1
buccale;1
bruhl;1
brun;1
brunner;1
bruno;1
throughout;1
bruyères;1
bruzonne;1
through;1
thermomètre;1
btm;1
athens;1
buckles;1
thermodynamique;1
bull;1
bulletin;1
theoretical;1
burke;1
burtaire;1
thematic;1
thalle;1
texte;1
écrasées;1
agissent;1
éducation;1
édité;1
agrandie;1
agricultural;1
agriculture;1
éditeurs;1
écrivent;1
écrivait;1
aid;1
écrire;1
égale;1
écraser;1
écoulant;1
écorésolution;1
aires;1
éco;1
échéancier;1
ajouterons;1
ajoutons;1
ajouté;1
échappé;1
élimination;1
afcet;1
affaire;1
affectant;1
affectent;1
affecter;1
émergeants;1
affectés;1
élève;1
affichant;1
éloignée;1
affiché;1
ajuster;1
éliminant;1
affirmant;1
afférentes;1
against;1
élevé;1
éleveurs;1
élever;1
électroniques;1
élargir;1
égide;1
years;1
allure;1
zuljevic;1
alopra;1
zootechnie;1
alpes;1
alpha;1
zootech;1
zaninetti;1
yodzis;1
aléatoirement;1
amap;1
zurich;1
ambiant;1
yano;1
ambition;1
yan;1
amenèrent;1
american;1
among;1
amorce;1
wright;1
amovibles;1
?clhoroplast;1
albuisson;1
échantillonnées;1
échangent;1
écclésiaste;1
algae;1
écartée;1
algol;1
écarter;1
écartant;1
algorithmiques;1
àdire;1
aerial;1
alimentaire;1
alimentation;1
alimentent;1
?eg;1
allait;1
?eb;1
allemagne;1
allen;1
aller;1
?des;1
accidenté;1
évacuation;1
abusive;1
étés;1
académique;1
acata;1
accent;1
accepted;1
accepter;1
étudiait;1
étudiaient;1
accident;1
évaluées;1
accompagnées;1
étroits;1
accomplissement;1
accordée;1
accreditation;1
étonnant;1
étoile;1
étions;1
accumuler;1
étend;1
évolué;1
abandon;1
abandonnant;1
abcl;1
événementielle;1
évoquions;1
évoquer;1
abordant;1
aborde;1
abordent;1
évoquant;1
abordera;1
accélérée;1
abordons;1
évolutive;1
évitées;1
about;1
évitera;1
évitant;1
absence;1
absolu;1
absorber;1
abstract;1
administrations;1
adaptatif;1
épistémologie;1
adapte;1
épargnées;1
énigmes;1
énergétiques;1
énergie;1
additionnels;1
adhérer;1
admettre;1
émissions;1
adaptable;1
admirablement;1
émise;1
émergé;1
adopté;1
adoptée;1
émerger;1
adret;1
advances;1
advisor;1
émergent;1
éradiqué;1
acheminer;1
achevée;1
acide;1
étage;1
acquis;1
établissant;1
établissait;1
acta;1
érosion;1
éric;1
amples;1
activables;1
activer;1
éradiquer;1
activities;1
équirépartis;1
actualité;1
équipementier;1
équins;1
épuré;1
épouse;1
viscogliosi;1
visitait;1
aptitude;1
aquariologique;1
visibilité;1
aquatic;1
visent;1
arborescence;1
arborescentes;1
arboricoles;1
vise;1
arbustes;1
visitent;1
archivage;1
archivés;1
visaient;1
viruses;1
virginia;1
arena;1
aristotélicienne;1
arithmétique;1
arizona;1
arlington;1
approfondir;1
vlissides;1
vivo;1
vivent;1
apprennent;1
vive;1
vital;1
apprise;1
visualization;1
approchée;1
approfondi;1
visualisée;1
arnaud;1
approfondissement;1
approximative;1
visualise;1
appréciation;1
apprécier;1
visualisables;1
appuie;1
vistapro;1
appuyant;1
appuyé;1
associent;1
vidéo;1
ass;1
videos;1
vidange;1
assertions;1
assessment;1
assigne;1
assignés;1
assimiler;1
assiste;1
associe;1
asia;1
vestjydsk;1
vespignani;1
assouvir;1
ves;1
assuré;1
asterias;1
astro;1
astronomique;1
asu;1
verticale;1
articulation;1
vincent;1
aronoffh;1
arrela;1
arriver;1
arrivés;1
arrière;1
arrêter;1
arrêté;1
vigilant;1
vigilance;1
articulant;1
apporte;1
artifi;1
viewmod;1
artificiel;1
view;1
artistique;1
ascendante;1
ascenseurs;1
viennent;1
vienne;1
vienna;1
ann;1
wilsey;1
williams;1
anglaise;1
wildi;1
wich;1
wedding;1
weber;1
anime;1
watson;1
waters;1
animées;1
ancêtre;1
annales;1
annals;1
anne;1
washington;1
annoncé;1
annonçais;1
walks;1
vérité;1
annuels;1
anr;1
analogues;1
ampleur;1
amurensis;1
amène;1
améliorait;1
améliorant;1
would;1
améliorent;1
workbook;1
aménagements;1
américaine;1
work;1
véritable;1
analysables;1
wooldrige;1
woody;1
wolridge;1
witness;1
analysées;1
anamorphose;1
anc;1
anciennement;1
ancrée;1
volto;1
vrai;1
appauvrissement;1
voûte;1
appelait;1
appeler;1
voulons;1
appellera;1
appellerons;1
appelons;1
vouloir;1
volumineuses;1
appartient;1
applicability;1
applicabilité;1
volontiers;1
volontaire;1
volker;1
volcans;1
appliquons;1
vocation;1
vocabulaire;1
apportant;1
appalachian;1
ansd;1
answer;1
anti;1
vérifi;1
antipredator;1
antodo;1
antérieures;1
aperçu;1
apl;1
apollo;1
tenant;1
végétaux;1
végétative;1
vulgarisé;1
vrin;1
apparente;1
vries;1
vraiment;1
appartenait;1
appartenance;1
appartiennent;1
répartissant;1
silvani;1
connaissons;1
silva;1
répartissaient;1
connectionist;1
connexion;1
connexionnistes;1
signaux;1
deciduous;1
connaissant;1
dec;1
dealing;1
conquis;1
signals;1
consacre;1
consacrerons;1
signaler;1
dea;1
répartis;1
degradation;1
confl;1
répartir;1
simplifi;1
conforme;1
simpack;1
simlab;1
confrontées;1
confuse;1
consacrée;1
simjava;1
conférer;1
simgraphics;1
simex;1
defence;1
congénères;1
conjointe;1
silver;1
célèbre;1
sexuée;1
serveur;1
servent;1
dai;1
répètent;1
dacglo;1
series;1
résiduelles;1
consistent;1
dairy;1
consisterait;1
consoles;1
consommant;1
cygwin;1
consommateurs;1
cycliques;1
consomment;1
consommer;1
répond;1
siganidae;1
conscient;1
conseil;1
conseillé;1
répercussions;1
répertorier;1
consequences;1
répliquer;1
conserve;1
confirmer;1
conservées;1
dangereusement;1
shifting;1
shift;1
dangereuse;1
danger;1
shibayama;1
shell;1
conceptuelle;1
soi;1
desanker;1
sodium;1
concentrent;1
concentrer;1
sockets;1
concep;1
conceptual;1
dept;1
descendant;1
department;1
réinitialiser;1
concernait;1
sncf;1
denis;1
demiheure;1
réintroduction;1
slamsystem;1
descendre;1
desquelles;1
somewhat;1
desenclos;1
descriptive;1
régresse;1
compression;1
solve;1
solide;1
descriptifs;1
concernerait;1
compréhensible;1
soleil;1
solaire;1
descendante;1
computation;1
computational;1
soixante;1
soin;1
simplifiée;1
conduiront;1
delgado;1
conduisait;1
delain;1
conduisent;1
simscript;1
conf;1
confe;1
delahaye;1
conduire;1
simplifié;1
del;1
simplifie;1
configuré;1
confirmation;1
simplificatrice;1
dekker;1
dehors;1
simutools;1
slam;1
concertation;1
concevable;1
réitération;1
conclura;1
conclure;1
située;1
concordent;1
rénové;1
résistance;1
demandait;1
concrétisé;1
concrétisée;1
simulera;1
simulating;1
simulate;1
simulant;1
répandues;1
correction;1
coquilles;1
corbara;1
corollairement;1
croisement;1
croient;1
corporation;1
saturaient;1
satisfait;1
correctement;1
savaient;1
révolutionna;1
correspondante;1
satisfactory;1
correspondraient;1
révélé;1
cristal;1
crim;1
crick;1
cronhjort;1
scheduler;1
scenarii;1
conviennent;1
scanners;1
scalpelliformis;1
conviviaux;1
cros;1
conçoit;1
scaling;1
creux;1
cooperative;1
coopératif;1
réunir;1
coopérer;1
coordination;1
savent;1
copernic;1
copernicien;1
courses;1
coupling;1
couplées;1
coups;1
sances;1
sampling;1
salles;1
courrants;1
safety;1
sait;1
coupler;1
sagesse;1
cows;1
court;1
saisir;1
saisi;1
couverte;1
saint;1
cover;1
crc;1
corrélativement;1
santucci;1
crete;1
révélée;1
corsica;1
cost;1
santt;1
santoni;1
could;1
crouel;1
crabe;1
couleurs;1
coulon;1
sanitaire;1
sanguine;1
sacoglossan;1
sacrifices;1
couplant;1
selecting;1
construirait;1
résulte;1
résume;1
semblait;1
consultations;1
semblable;1
semaine;1
contacté;1
résument;1
constructives;1
containment;1
cumulant;1
résumons;1
select;1
seize;1
contenait;1
résumé;1
sega;1
sensitive;1
conspecific;1
cybernetics;1
sentir;1
constatation;1
sent;1
constaté;1
constatée;1
consti;1
sensitivity;1
culture;1
curtis;1
sensibilise;1
seminar;1
semiautomatic;1
semi;1
semez;1
curt;1
semencier;1
croître;1
contraignante;1
rétroactions;1
scsc;1
scrutant;1
scientist;1
scientifiquement;1
rétrospectivement;1
cruciales;1
controversée;1
créer;1
schématiser;1
contrôler;1
convenir;1
convenu;1
schématise;1
convergence;1
crozat;1
converger;1
secondaires;1
contentons;1
contenu;1
contenues;1
section;1
contient;1
cuivriques;1
résumées;1
cténophore;1
dernièrement;1
continuer;1
csv;1
réticences;1
créées;1
continuerons;1
continuons;1
seaweed;1
contours;1
cliffs;1
rude;1
subject;1
dimeet;1
subi;1
sténophagie;1
students;1
stuartt;1
clerpin;1
client;1
classement;1
structuration;1
climate;1
climatic;1
structural;1
structre;1
strictement;1
digest;1
strategies;1
successifs;1
circalittoral;1
sufficient;1
circuits;1
circulaires;1
dira;1
diounard;1
roux;1
ciss;1
successivement;1
différé;1
diminuer;1
cités;1
successeurs;1
row;1
substitution;1
substantiels;1
dimensionnel;1
substances;1
stimule;1
stockholm;1
difficilement;1
réagissent;1
stochastisque;1
stochasticité;1
collaborative;1
diffi;1
collaboré;1
collecte;1
diffuser;1
réalisateurs;1
diderot;1
dictionnaires;1
statzon;1
college;1
stature;1
stationnels;1
standardisé;1
coeur;1
différer;1
strat;1
ruffh;1
strasbourg;1
coder;1
coenocytiques;1
rule;1
rumbauch;1
cirad;1
règne;1
coevolution;1
différemment;1
cognition;1
stocks;1
réactives;1
réactivité;1
réactualisée;1
risqué;1
supprimant;1
rise;1
cherchaient;1
cherchant;1
supposé;1
discrétisée;1
cherchent;1
discrétisation;1
risk;1
supérieures;1
supposent;1
supportée;1
supporter;1
chestnut;1
rmi;1
discover;1
supply;1
road;1
diseases;1
dispersif;1
survenir;1
surveillance;1
surprise;1
disperser;1
charbonnel;1
disk;1
surprendre;1
disjointes;1
supervisé;1
surprenant;1
surexploiter;1
surcoût;1
surchargent;1
discutée;1
chaud;1
chaînes;1
riley;1
roth;1
christerson;1
directeur;1
chronologique;1
chrétienne;1
chuffart;1
suggéré;1
cid;1
ross;1
ciel;1
suitable;1
direct;1
cielle;1
routage;1
suggère;1
ciles;1
suffise;1
suffisaient;1
cinéma;1
superclasse;1
roadmap;1
discontinuités;1
discontinue;1
robotique;1
chiffrés;1
chimie;1
roches;1
dirigé;1
songez;1
china;1
sunthèse;1
chlorure;1
dirige;1
direz;1
choisies;1
suivait;1
choisit;1
soutenue;1
devenues;1
devenu;1
réduite;1
southeast;1
south;1
souterraine;1
developing;1
comparées;1
réductrices;1
réf;1
compenser;1
réfute;1
compenseront;1
compilateurs;1
deval;1
complete;1
sousmodèles;1
communiqués;1
spinoza;1
spectaculaire;1
réductibles;1
réductionisme;1
communiquait;1
communiquants;1
specified;1
specific;1
sousmarin;1
devise;1
specialists;1
devions;1
specfp;1
communément;1
spatio;1
spatially;1
sortaient;1
souches;1
souard;1
régionaux;1
sortir;1
sortes;1
composabilité;1
régissent;1
sortent;1
destinées;1
dessine;1
sophistiquée;1
sony;1
dessin;1
dessagnes;1
desquels;1
sommaire;1
régies;1
référençant;1
référer;1
complexity;1
souplesse;1
compliant;1
souple;1
soumettre;1
souligné;1
stand;1
régimes;1
destruction;1
component;1
régional;1
compor;1
comportaient;1
souhait;1
combined;1
récupérer;1
stabilise;1
sta;1
spreading;1
comblerait;1
spécifiées;1
spruce;1
spécialisées;1
combler;1
diazo;1
spécialiser;1
devront;1
récoltées;1
commençait;1
spécial;1
spécialisation;1
récupérait;1
spécialisent;1
commence;1
commettre;1
commons;1
spirale;1
diamètre;1
stades;1
stability;1
commeau;1
commodité;1
committee;1
spiral;1
colonise;1
réconciliation;1
spontanés;1
welch;2
méconnaissance;2
revenons;2
mécanique;2
régulation;2
régulière;2
multimodeling;2
écriture;2
régénération;2
énorme;2
réagir;2
minimale;2
économie;2
matte;2
retour;2
respective;2
évidente;2
microarray;2
évidemment;2
robustesse;2
révèle;2
éventuels;2
revient;2
élaborée;2
réglant;2
monaco;2
memory;2
relevées;2
relier;2
répartissent;2
élevée;2
réalisant;2
yodziz;2
mémoriser;2
véritablement;2
récepteur;2
pêche;2
millénaire;2
repos;2
recueillies;2
répétitivité;2
wallis;2
reposaient;2
médiatique;2
êtres;2
respecter;2
médecine;2
recueillir;2
relié;2
motivé;2
mettent;2
withner;2
morphological;2
mentation;2
maximise;2
remettre;2
réduire;2
rétrocontrôles;2
wooldridge;2
mentionné;2
échappent;2
rue;2
représentée;2
rétro;2
mbits;2
mixte;2
metamodels;2
metamodelling;2
maximiser;2
étroitement;2
étendre;2
mesurées;2
étendus;2
modifiant;2
réparties;2
réduction;2
remise;2
modsim;2
écart;2
morte;2
restaient;2
ronces;2
xéon;2
école;2
rencontre;2
multiplication;2
role;2
établies;2
wide;2
maîtrisé;2
étudie;2
échir;2
réutilisé;2
repérer;2
moitié;2
réutilisation;2
réussies;2
whitner;2
reprend;2
étudiant;2
windows;2
réunions;2
xml;2
établis;2
résultante;2
restriction;2
remarque;2
within;2
repérage;2
maximisant;2
repère;2
ressentis;2
passer;2
pauvres;2
tombe;2
paulluy;2
totale;2
tour;2
prolifique;2
towards;2
patrick;2
trad;2
tokyo;2
passent;2
spect;2
proportion;2
parvenir;2
partout;2
traitant;2
traite;2
trajectoires;2
steady;2
probabiliste;2
probable;2
permettraient;2
stocker;2
theory;2
probe;2
stimuli;2
perdez;2
proprement;2
processes;2
processing;2
standardisation;2
professeur;2
stagnation;2
spécialisé;2
tirage;2
pays;2
parallèlement;2
près;2
parfaitement;2
sortis;2
tropicaux;2
parcours;2
paramétrées;2
précaution;2
sons;2
paramétrable;2
tri;2
trouvons;2
précisons;2
parallel;2
paradigm;2
solving;2
truffot;2
paper;2
pannes;2
partageant;2
space;2
souvenir;2
participer;2
participation;2
transition;2
transmis;2
transmission;2
soussana;2
pro;2
travaillant;2
travailler;2
travaillons;2
souhaitait;2
parlent;2
souhaitable;2
proximité;2
prudent;2
planning;2
plastique;2
superposition;2
séances;2
sélectionner;2
superposant;2
sélectionnés;2
plasticité;2
post;2
sémantique;2
superposées;2
planifier;2
poste;2
poster;2
potential;2
suivent;2
potentialités;2
plages;2
suggérée;2
portant;2
polymorphisme;2
sward;2
poix;2
poireaux;2
switzerland;2
portage;2
sylvestris;2
plugin;2
potier;2
portuaires;2
plongé;2
synchrone;2
portée;2
position;2
systematic;2
positionnement;2
systématiquement;2
storage;2
price;2
structurellement;2
tera;2
terminology;2
primordial;2
terre;2
principles;2
perçu;2
preuves;2
perturber;2
testés;2
perturbations;2
stolons;2
teuma;2
textuelle;2
personnel;2
prix;2
tec;2
tableau;2
pièces;2
pourront;2
pourtant;2
pistes;2
tanle;2
sud;2
tcl;2
soils;2
physiciens;2
phys;2
prediction;2
succesion;2
substantiation;2
tempus;2
subir;2
studies;2
vis;2
ville;2
nécessité;2
vinci;2
nécessiterait;2
sdl;2
vingt;2
sci;2
nécessitent;2
nécessitant;2
objective;2
visant;2
nutriments;2
scheme;2
rapporte;2
visite;2
rapprochement;2
novembre;2
november;2
occam;2
vertu;2
september;2
veulent;2
sensibilité;2
vhdl;2
semblent;2
occupent;2
raisonner;2
nourrir;2
obtient;2
viewbol;2
segments;2
observe;2
secours;2
vigueur;2
obligé;2
oblige;2
recevoir;2
volontairement;2
reading;2
noeud;2
santa;2
nid;2
nicolas;2
nicograph;2
recenser;2
recent;2
rayon;2
neurocomputing;2
rechercher;2
recherché;2
sandeaux;2
naissance;2
reconsidérer;2
métier;2
saine;2
nommée;2
notons;2
saxonne;2
notait;2
visualisé;2
northern;2
saurait;2
visuellement;2
vit;2
quantitative;2
nommons;2
satisfaisants;2
satisfaire;2
satellite;2
voie;2
sata;2
voilà;2
voit;2
union;2
six;2
osm;2
simultanée;2
understanding;2
préférés;2
prélèvement;2
organismes;2
organiser;2
organe;2
uer;2
préoccuper;2
united;2
ordonnancement;2
universel;2
universitat;2
présentaient;2
opérationnel;2
uns;2
social;2
tutorial;2
two;2
préconisé;2
précédentes;2
society;2
societies;2
sociales;2
oue;2
usda;2
soc;2
oublier;2
ottawa;2
smalltalk;2
smaget;2
préfecture;2
uctuations;2
ottabilité;2
pure;2
vauvelas;2
show;2
omega;2
oligopeptides;2
puisse;2
sheep;2
servir;2
venir;2
variété;2
servant;2
verlag;2
pâturent;2
seraient;2
pollution;2
ser;2
quantifier;2
octane;2
signalée;2
user;2
usuels;2
sim;2
optimale;2
vague;2
valable;2
publicacions;2
publishers;2
vérifiée;2
publiée;2
operation;2
vandermer;2
variabilité;2
variantes;2
varie;2
omola;2
puisque;2
français;2
février;2
futur;2
functional;2
fully;2
fuite;2
fréquent;2
fruit;2
frondes;2
françois;2
buvat;2
française;2
gagnez;2
bâtiment;2
francisco;2
foyers;2
fourragère;2
fourrage;2
bêta;2
fournissent;2
cacher;2
calcule;2
forçage;2
calibrage;2
ghz;2
biocontrol;2
biodiversity;2
birch;2
greece;2
grass;2
bois;2
bons;2
granularité;2
boston;2
gloire;2
bot;2
calibré;2
ghent;2
germent;2
brassage;2
genêts;2
generated;2
garder;2
gardent;2
garbage;2
garance;2
brusc;2
bruzzone;2
fera;2
changés;2
fidèlement;2
fidèle;2
chapman;2
fiches;2
fiabilité;2
charger;2
chargée;2
ferme;2
ferguson;2
ferait;2
changent;2
cheval;2
federation;2
chez;2
chiavérini;2
favorise;2
chichester;2
chloroplastes;2
fastidieuse;2
fassent;2
fallu;2
faiblement;2
fondent;2
formé;2
formulaire;2
forment;2
formel;2
californie;2
format;2
canada;2
cancer;2
foraging;2
caractérisent;2
caractériser;2
bio;2
fonctionnent;2
fonctionnels;2
carrere;2
cartographique;2
fonctionne;2
catifs;2
focaliser;2
flexible;2
flammarion;2
centaines;2
chance;2
auront;2
augmente;2
incendie;2
inc;2
auparavant;2
impératif;2
auprès;2
auquel;2
imposerait;2
imposer;2
impose;2
aurait;2
incluant;2
auteur;2
auto;2
impliqué;2
implication;2
illustre;2
iii;2
ignorance;2
ierry;2
idéales;2
autonomie;2
autorisait;2
attirer;2
assembly;2
asynchrone;2
intensité;2
ateliers;2
insuffisant;2
attache;2
inscrit;2
attachent;2
attacherons;2
innovations;2
initial;2
identifiés;2
inforsid;2
attirée;2
attractif;2
indépendamment;2
indéniable;2
induit;2
indiqué;2
incrémental;2
aug;2
incomplète;2
incohérence;2
behavior;2
barcelona;2
bas;2
basant;2
basent;2
basic;2
bastia;2
harvard;2
handbook;2
habituellement;2
habitant;2
habilitation;2
heudin;2
belgium;2
génétique;2
belsher;2
benefits;2
bernard;2
bertrand;2
gère;2
guère;2
guillaume;2
guide;2
bifurcation;2
axe;2
identifiées;2
icônes;2
autoriser;2
autrement;2
iad;2
hélice;2
auxquels;2
hyper;2
avis;2
avril;2
html;2
ciem;2
azuropunctata;2
aérienne;2
holisme;2
bactéries;2
hla;2
historique;2
high;2
heywood;2
balisage;2
barazer;2
constituée;2
déductions;2
conquête;2
découpage;2
considèrent;2
décidé;2
décembre;2
considérations;2
considérons;2
consistait;2
consister;2
duale;2
déduire;2
constraint;2
driven;2
containing;2
donnera;2
contenter;2
domestic;2
doi;2
doctorant;2
doc;2
converge;2
markup;2
connaissent;2
développent;2
développe;2
détriment;2
déterminisme;2
congress;2
congrès;2
conical;2
désormais;2
désignées;2
dés;2
dérouler;2
conviendra;2
dérivent;2
déplace;2
dépendant;2
département;2
départ;2
démontré;2
démontrent;2
délégation;2
définitivement;2
définissent;2
définie;2
cumul;2
critique;2
croatie;2
croissante;2
croit;2
croix;2
dialogue;2
diagonale;2
crédibles;2
créés;2
deviennent;2
cube;2
diffusé;2
curative;2
developement;2
curie;2
current;2
côté;2
destinés;2
database;2
david;2
decision;2
defense;2
demandé;2
discours;2
conviendrait;2
conviviale;2
coopération;2
corba;2
dissémination;2
correspondent;2
correspondre;2
disposant;2
couchage;2
discuter;2
discussion;2
confondre;2
discontinus;2
dirigée;2
diriger;2
courte;2
couvrir;2
dimensionnement;2
coûteux;2
dilemma;2
différentielles;2
credibility;2
diffèrent;2
commencer;2
combien;2
exclusivement;2
exclu;2
exception;2
examiner;2
examen;2
exact;2
evolutionary;2
evolution;2
européenne;2
combinés;2
exempt;2
commencé;2
commercial;2
communiquent;2
estimé;2
communities;2
estime;2
community;2
comparant;2
comparative;2
compare;2
comparison;2
clientes;2
cinema;2
facilité;2
facilitent;2
eyrolles;2
exécutées;2
clairement;2
exécuté;2
classifi;2
exécutant;2
classé;2
claude;2
essayant;2
exprimer;2
climax;2
exploratoire;2
exploiter;2
explique;2
explicitement;2
collectivement;2
colonization;2
existait;2
exigences;2
exhaustive;2
encadré;2
concentré;2
entendu;2
concernaient;2
enseignement;2
enregistrées;2
engref;2
endroits;2
encombrement;2
enchaînement;2
concerner;2
concernés;2
concentraient;2
encadrer;2
encadrement;2
element;2
einstein;2
concurrence;2
effectuant;2
effective;2
effect;2
concurrente;2
configuration;2
confirme;2
envahi;2
compatible;2
complémentarité;2
envisagé;2
envisageons;2
comportant;2
comportementales;2
comportent;2
composite;2
envie;2
envergure;2
envahit;2
abandonment;2
composé;2
comprenant;2
compresser;2
compris;2
entretenant;2
entrepris;2
computerized;2
entraîne;2
entraînant;2
compétences;2
laitières;2
abreuvoirs;2
allant;2
absolue;2
appris;2
intéressons;2
after;2
allé;2
intérieur;2
lancement;2
apprendre;2
limité;2
adn;2
absolument;2
invariants;2
laisser;2
apportées;2
affectées;2
alourdir;2
kurris;2
agence;2
mal;2
aléas;2
approximation;2
ardus;2
introduire;2
introduisant;2
largeur;2
intégraient;2
arbustives;2
arbitraire;2
aquarium;2
april;2
appuyait;2
approximativement;2
applied;2
admis;2
landscape;2
landes;2
intéressent;2
manipuler;2
approfondie;2
intéresserons;2
like;2
aliment;2
manipule;2
jugé;2
jvm;2
juxtaposition;2
justifier;2
justifie;2
juste;2
accuracy;2
limitées;2
agissait;2
analogie;2
analystes;2
juillet;2
jørgensen;2
annuel;2
animer;2
accueille;2
analysé;2
accroître;2
accroissement;2
jouent;2
animated;2
anglo;2
lyon;2
adresser;2
amas;2
ambitieux;2
italy;2
agronomique;2
applicatif;2
knowledge;2
knabe;2
accélérer;2
librairie;2
kluwer;2
maintenue;2
aidant;2
agronomes;2
longman;2
appel;2
lire;2
agisse;2
apparues;2
access;2
apparentent;2
apparemment;2
accomplir;2
aronoff;2
larve;2
markovian;2
aberrantes;2
littérature;2
interviennent;2
are;2
ajustée;2
interventions;2
interdisciplinaire;2
intervenir;2
intervenant;2
limiter;2
algorithmic;2
internationaux;2
internationale;2
ait;2
arrivée;2
layer;2
interprétable;2
adapter;2
learning;2
abondance;2
algal;2
marguerite;2
artificiellement;2
marge;2
arrêt;2
intrinsèquement;2
alexandre;2
aided;2
limitation;2
larvaire;2
aient;2
littoraux;2
air;2
multimodèle;3
ajout;3
report;3
ambrogio;3
principe;3
présents;3
fonctionnalités;3
confronté;3
cartographiée;3
tache;3
caswell;3
déterminée;3
communiquer;3
linéaire;3
keefe;3
déterminé;3
cartographie;3
tandis;3
tanguy;3
composition;3
pouvaient;3
considérablement;3
karhela;3
chaos;3
chaotique;3
pourquoi;3
prennent;3
cgi;3
first;3
certainement;3
longini;3
synthétique;3
reportera;3
pression;3
dynamiquement;3
reposait;3
kiviat;3
finalement;3
species;3
fixée;3
princeton;3
consistant;3
keen;3
kent;3
szczerbicka;3
leemans;3
échec;3
principal;3
adaptés;3
quand;3
kleijen;3
dyke;3
simulator;3
mobile;3
dunod;3
constante;3
séparation;3
porte;3
territoire;3
contenaient;3
journée;3
som;3
fourmis;3
fouille;3
some;3
jousson;3
simon;3
émergence;3
tenter;3
portion;3
doram;3
dossier;3
calibration;3
double;3
anderson;3
localisation;3
compliqué;3
joue;3
simplicité;3
poissons;3
francis;3
respectivement;3
testée;3
calibrer;3
espérer;3
fowler;3
ancienne;3
reality;3
méditerranéenne;3
essai;3
contenant;3
complex;3
forester;3
représentative;3
constituer;3
essence;3
mit;3
murillo;3
constituant;3
technical;3
foresterie;3
legendre;3
spain;3
caractérisée;3
spatialisés;3
taylor;3
fond;3
constater;3
lumineuse;3
essaye;3
public;3
comparer;3
formels;3
tenons;3
doyle;3
world;3
tendance;3
effectif;3
conséquent;3
émotionnels;3
éthologues;3
essayé;3
amour;3
ten;3
can;3
reliability;3
puy;3
prototypage;3
délicat;3
ètent;3
extérieure;3
extrêmement;3
protégée;3
moléculaire;3
clark;3
équilibre;3
dérivée;3
envisagée;3
study;3
ecol;3
Ågren;3
envoi;3
pâturer;3
mettant;3
proposant;3
défense;3
pâturée;3
remarquer;3
loin;3
successives;3
citer;3
climat;3
définit;3
compléter;3
allons;3
actives;3
exclusif;3
mollusc;3
mollusca;3
explicite;3
équipe;3
state;3
colizza;3
équivalent;3
expliquer;3
collaborer;3
colloque;3
puissent;3
actuelle;3
complètement;3
stewart;3
localiser;3
ète;3
collier;3
statistiquement;3
connaître;3
strates;3
latin;3
com;3
reconnu;3
laquelle;3
exposé;3
pré;3
cluster;3
large;3
loiseau;3
pukkala;3
clé;3
existant;3
silicon;3
logistique;3
équivalente;3
stockage;3
yonezawa;3
supposer;3
chercher;3
suppose;3
komatsu;3
déterminant;3
détecter;3
agrégation;3
procédure;3
supposons;3
kong;3
support;3
décomposition;3
supplémentaires;3
rend;3
rencontrée;3
kunz;3
détermination;3
renshaw;3
présenterai;3
similitudes;3
charge;3
muller;3
commercialisé;3
kolstrom;3
chargement;3
produites;3
échantillonnage;3
problématique;3
charrier;3
chaînées;3
process;3
établissement;3
shoham;3
choisir;3
conscience;3
thématique;3
prolifera;3
échange;3
fallait;3
envisager;3
établir;3
choisi;3
comportait;3
acvedo;3
laizé;3
algorithm;3
suffisante;3
land;3
connues;3
faciliter;3
program;3
feillee;3
découle;3
profil;3
modélisée;3
favoriser;3
acquérir;3
alstyne;3
lacunes;3
commerciaux;3
dôme;3
souci;3
lafferty;3
sunderland;3
envisageable;3
progressivement;3
mort;3
parallélisation;3
palmore;3
pandemic;3
réutiliser;3
iazeolla;3
hétérogène;3
dieu;3
smeulders;3
noter;3
uniforme;3
auxquelles;3
unifiée;3
parallélisme;3
unifié;3
hunter;3
manipulation;3
enita;3
note;3
paraît;3
parc;3
concernent;3
crédibilité;3
archétype;3
utilement;3
automatisé;3
likens;3
visible;3
récents;3
création;3
urgence;3
enregistrer;3
cruciaux;3
manque;3
aboutit;3
oxford;3
autorisent;3
intéresse;3
ibm;3
matteson;3
réutilisable;3
appliqué;3
hirata;3
hinde;3
diminution;3
participent;3
roughgarden;3
balise;3
uenza;3
uencée;3
ballesteros;3
mammites;3
agardh;3
partiellement;3
barbier;3
maximum;3
hermes;3
romain;3
éventuellement;3
herbe;3
bylund;3
vite;3
sinueux;3
hsu;3
howes;3
howard;3
hospitalier;3
hoogenboom;3
minimiser;3
sociaux;3
hong;3
ots;3
homogénéité;3
homogène;3
sinton;3
mangili;3
inutile;3
ultérieure;3
hiérarchie;3
histoire;3
partant;3
attendu;3
résultant;3
attaque;3
initialiser;3
odonne;3
atteignable;3
size;3
cybenko;3
art;3
atteint;3
situé;3
offrent;3
inférieur;3
okubo;3
informelle;3
vegetatio;3
négligés;3
attoui;3
vastes;3
infographie;3
intensif;3
delà;3
vide;3
ascoglossa;3
vidal;3
viable;3
demander;3
deffuant;3
situent;3
observable;3
devant;3
intelligent;3
integrating;3
évoquée;3
instrument;3
institut;3
data;3
militon;3
interhumaine;3
dahl;3
devraient;3
interéditions;3
nutrition;3
rao;3
validés;3
organisent;3
validée;3
aura;3
virtuel;3
devons;3
rarement;3
vahl;3
orientés;3
affiné;3
utilisons;3
implémentant;3
évite;3
orth;3
ardue;3
automate;3
aborderai;3
variés;3
négliger;3
villèle;3
varier;3
attraction;3
variance;3
rappeler;3
varenne;3
mille;3
invocation;3
inconvénient;3
interprété;3
augmentation;3
cumming;3
évoluent;3
affiche;3
opérationnelle;3
néanmoins;3
box;3
topographie;3
bousquet;3
bouturage;3
dits;3
apparaît;3
simulog;3
pierre;3
diverses;3
apparaissent;3
schoeppl;3
restera;3
georgiev;3
accord;3
pine;3
pinus;3
geographic;3
genre;3
pixel;3
national;3
gotelli;3
mai;3
maynard;3
graphical;3
bordure;3
gramme;3
bormann;3
bosatta;3
toulouse;3
naturellement;3
gendreau;3
schmidt;3
gomez;3
totalité;3
naturelle;3
globaux;3
totalement;3
schneider;3
gleick;3
pleins;3
future;3
script;3
bugmann;3
furent;3
étroite;3
wayner;3
west;3
fréquentation;3
contrat;3
lâcher;3
documentation;3
building;3
bulmer;3
their;3
simule;3
french;3
plupart;3
response;3
agir;3
scott;3
time;3
geman;3
contribué;3
placer;3
gavach;3
breton;3
scots;3
jeffries;3
restant;3
simultanément;3
narayanan;3
nance;3
planification;3
gamma;3
thème;3
wagon;3
brzeziecki;3
annual;3
bertalanffy;3
bazjnac;3
issu;3
applique;3
nisbet;3
santini;3
issus;3
disponibilité;3
berg;3
abstraite;3
rien;3
rigueur;3
berthold;3
perception;3
tridimensionnel;3
majeure;3
gènes;3
itératif;3
gurney;3
traditionnel;3
disposition;3
hasard;3
rafaeli;3
herbacées;3
saison;3
saisonnière;3
passe;3
isima;3
évalué;3
appliquent;3
passé;3
ravid;3
entier;3
maîtrise;3
sinauer;3
batty;3
baveco;3
volcanic;3
noir;3
isolée;3
géré;3
grassland;3
appelle;3
rade;3
distingue;3
bisgambiglia;3
mda;3
retrouvent;3
grille;3
coordonnées;3
distme;3
correct;3
entraîner;3
petit;3
scale;3
petits;3
lhotka;3
net;3
peuplement;3
traduit;3
reviendrons;3
jacent;3
von;3
review;3
satisfaisante;3
guerre;3
jaffrenou;3
permettra;3
group;3
bioinformatics;3
dissocier;3
biological;3
transputers;3
perrochon;3
entraînement;3
biomasse;3
biomathematics;3
rare;4
recensement;4
situe;4
profonde;4
recolonisation;4
edwards;4
simultané;4
rimour;4
rumelhart;4
rumbaugh;4
sachant;4
maximale;4
sacoglossa;4
cox;4
malheureusement;4
dis;4
saito;4
coupe;4
différencier;4
santé;4
corrélations;4
académie;4
distinction;4
acceptable;4
mechoud;4
convexe;4
dite;4
restreint;4
restent;4
réductionniste;4
demande;4
markoviens;4
darse;4
évoqué;4
marie;4
devait;4
march;4
réellement;4
matiÈres;4
abordée;4
domain;4
devra;4
devrait;4
matrice;4
manufacturing;4
récemment;4
révèlent;4
révéler;4
réaction;4
réactif;4
significative;4
découvert;4
découverte;4
découvrir;4
sigma;4
décrite;4
signifi;4
significatif;4
actif;4
signification;4
dégradé;4
considère;4
relevés;4
significativement;4
mesurer;4
relativement;4
signifie;4
signorile;4
actuel;4
déplacer;4
éorie;4
reconstruction;4
dudzinski;4
continuous;4
secker;4
lumière;4
sellers;4
selon;4
doute;4
draper;4
reproduit;4
constat;4
mener;4
simplement;4
due;4
septembre;4
consommation;4
étendue;4
sert;4
débit;4
accès;4
londres;4
considérable;4
peterson;4
gasser;4
nationale;4
vérifié;4
antipolis;4
bovins;4
tison;4
titre;4
végétal;4
global;4
gordon;4
tracé;4
graphics;4
bonne;4
peyret;4
bohem;4
tiens;4
blais;4
traité;4
traitées;4
pertinente;4
groenendaal;4
biopuces;4
groupement;4
biol;4
tree;4
biais;4
appelée;4
applet;4
applicable;4
générateur;4
bellan;4
forrester;4
caux;4
praehofer;4
practice;4
www;4
foncé;4
technologiques;4
temporelle;4
posé;4
possédant;4
formation;4
possèdent;4
tenir;4
junqua;4
june;4
poser;4
pavé;4
tenté;4
rapprocher;4
calculer;4
popper;4
fournissant;4
méditerranéen;4
analytique;4
méta;4
what;4
johnson;4
john;4
plongeurs;4
western;4
platt;4
jeune;4
indigènes;4
unix;4
nourriture;4
overview;4
overstreet;4
autorise;4
usage;4
utilisables;4
utilisait;4
virus;4
organisée;4
virtual;4
nwana;4
van;4
area;4
arnold;4
university;4
opposition;4
opisthobranchia;4
individuelle;4
négative;4
vent;4
atteindre;4
initiaux;4
artificial;4
atouts;4
atlan;4
observateur;4
associer;4
inter;4
interactif;4
observer;4
north;4
bathymétrie;4
bates;4
hallam;4
nom;4
hectares;4
henderson;4
passage;4
ird;4
barcelone;4
tête;4
inverse;4
nommé;4
uhrmacher;4
histogramme;4
bailey;4
calculées;4
hollocks;4
parlera;4
parker;4
azote;4
huber;4
parce;4
humain;4
paramétrer;4
unified;4
unis;4
unité;4
hypothétique;4
héritage;4
ibault;4
exécuter;4
lequel;4
stockées;4
cognitif;4
stout;4
âge;4
environmental;4
Ören;4
climatiques;4
composent;4
structurelle;4
agissant;4
externe;4
extrême;4
stochastic;4
clairière;4
élaborer;4
allocation;4
montrer;4
claire;4
sophia;4
citons;4
élaboré;4
facilement;4
missaoui;4
proposais;4
suffisant;4
spécifié;4
spread;4
communicants;4
modélisateur;4
échantillon;4
alfonseca;4
combinant;4
spécifi;4
prévoir;4
publ;4
publié;4
comparé;4
esprit;4
circulation;4
lazaro;4
exible;4
escoubet;4
colonie;4
complète;4
souhaité;4
eoretical;4
statistical;4
souhaitons;4
existence;4
précédent;4
mondiale;4
minsky;4
minute;4
cherché;4
cherche;4
supérieur;4
fiable;4
amblard;4
agha;4
survivre;4
filippi;4
changer;4
change;4
chacun;4
field;4
sylvestre;4
raisonnement;4
centre;4
minimum;4
centimètres;4
ligne;4
systématique;4
systémique;4
kelton;4
prend;4
affiner;4
summer;4
sun;4
progression;4
chimique;4
ascoglossan;4
faites;4
entreprise;4
racemosa;4
produisent;4
lai;4
produire;4
productivité;4
quoi;4
adéquation;5
degré;5
collective;5
sommerville;5
retenir;5
ajouter;5
comprend;5
élevage;5
assez;5
aviaire;5
sma;5
commune;5
approcher;5
aucune;5
associées;5
croissant;5
vient;5
utilisent;5
concepteur;5
urban;5
attracteur;5
artificielle;5
écrit;5
concret;5
valeo;5
autonome;5
attachés;5
simulé;5
côte;5
utilité;5
calculateur;5
circonférence;5
suffisamment;5
acte;5
total;5
schéma;5
sujet;5
consacré;5
breckling;5
anthropique;5
animé;5
youngblood;5
contrairement;5
that;5
bâtir;5
succession;5
sheng;5
tentative;5
shannon;5
campagne;5
conséquence;5
symbolique;5
seuil;5
constitution;5
technology;5
constituent;5
taux;5
cellule;5
amené;5
sélection;5
voitures;5
adapté;5
rôle;5
similaire;5
springer;5
siman;5
coûteuse;5
apporter;5
voici;5
spécifier;5
adaptation;5
combes;5
standard;5
éventuelle;5
voire;5
ayant;5
couramment;5
couche;5
cellier;5
tropical;5
tronc;5
étudions;5
travaillé;5
appelé;5
biodiversité;5
clergue;5
alimenter;5
traiter;5
train;5
pics;5
retenons;5
retenue;5
moigne;5
grippe;5
moi;5
grimm;5
européen;5
jamais;5
graphisme;5
implique;5
photo;5
orienté;5
disque;5
gipps;5
revue;5
entière;5
ribera;5
indispensable;5
place;5
existants;5
lente;5
leroudier;5
jabowa;5
fréquemment;5
frontier;5
level;5
mis;5
robert;5
plutôt;5
exploitable;5
hesse;5
quelle;5
envahie;5
représenté;5
jeu;5
huston;5
qualifié;5
müller;5
pâture;5
palme;5
heure;5
purement;5
particulière;5
puissants;5
puissance;5
donnant;5
existent;5
haute;5
jennings;5
motivation;5
ouvert;5
dix;5
estimation;5
montrant;5
outre;5
pensons;5
droite;5
navigateur;5
grégaire;5
personne;5
result;5
maillage;5
pouvant;5
profondeur;5
propriétés;5
instance;5
menton;5
pouvons;5
maquette;5
fonctionnelle;5
dessous;5
its;5
devient;5
introduite;5
décrire;5
protocole;5
observée;5
facilite;5
observé;5
propos;5
remote;5
relative;5
dédiée;5
défini;5
numéro;5
may;5
faisant;5
introduced;5
nord;5
empirique;5
invasive;5
fermeture;5
massif;5
expression;5
ruch;5
emplacement;5
exprimé;5
innocenti;5
elsevier;5
dérivé;5
pourraient;5
problem;5
forplan;5
meyer;5
extension;5
ingénieur;5
fort;5
method;5
initialisation;5
processeur;5
somme;6
auvergne;6
introduit;6
chemins;6
simct;6
univ;6
simexplorer;6
version;6
implémenté;6
indépendants;6
refl;6
rappelons;6
indépendante;6
industriel;6
effort;6
optimiser;6
incertitude;6
concrète;6
quels;6
idée;6
oceanica;6
identiques;6
obtention;6
autorisant;6
internet;6
usa;6
compromis;6
négligeable;6
case;6
posidonia;6
cnrs;6
stratégie;6
capture;6
caractère;6
expérimentale;6
extrait;6
taxonomie;6
carlo;6
pouvait;6
substrat;6
clair;6
facile;6
pratique;6
succès;6
cohérente;6
cinq;6
cation;6
cible;6
chose;6
prenant;6
cemagref;6
central;6
centrée;6
fixe;6
synchronisation;6
fire;6
files;6
surtout;6
feuille;6
proche;6
bibliothèque;6
avaient;6
quantité;6
unique;6
hurrion;6
humaines;6
hiérarchique;6
hauteur;6
patron;6
pattern;6
bell;6
trouvent;6
générée;6
special;6
prévision;6
général;6
quel;6
transformation;6
gris;6
green;6
traduction;6
booch;6
glossaire;6
globale;6
pielou;6
pierreval;6
boîte;6
stationnaire;6
briot;6
plate;6
préconisée;6
fournie;6
réalisme;6
micro;6
donner;6
cottalorda;6
neural;6
critère;6
économique;6
methodology;6
écologue;6
dispose;6
modifier;6
repose;6
considérée;6
correcte;6
isolé;6
meilleur;6
accessible;6
maintenance;6
reuillon;6
retrouve;6
représentant;6
levc;6
levin;6
animateur;6
direction;6
lien;6
représentent;6
animale;6
couvert;6
sens;6
voir;6
courants;6
édition;6
jorgensen;6
jean;6
coût;6
risque;6
affichage;6
liste;6
durée;6
monte;6
réside;6
shugart;6
matériel;6
dessus;6
réponse;6
décrit;6
altitude;6
lafarge;6
montrent;6
considérer;6
visualiser;6
évoluer;6
visual;6
visité;6
abord;6
délicate;6
apte;6
vision;6
control;6
rendre;6
devaient;6
décideurs;6
décisionnel;6
décennie;6
ajustement;6
malgré;6
mollusques;6
bitar;7
diversité;7
savoir;7
littoral;7
alga;7
toutefois;7
généraux;7
law;7
couplé;7
lehman;7
game;7
guessoum;7
tool;7
aisément;7
gauche;7
commun;7
station;7
biology;7
disposer;7
trajet;7
monde;7
transfert;7
prédictif;7
suivre;7
majeur;7
série;7
majorité;7
faciès;7
évaluer;7
faible;7
résoudre;7
suit;7
management;7
presque;7
devs;7
fishman;7
répondre;7
fine;7
éviter;7
chacune;7
champ;7
aboutir;7
mathematical;7
december;7
densité;7
force;7
préciser;7
porté;7
millier;7
précisant;7
directe;7
formalisme;7
température;7
forestière;7
forcément;7
noyau;7
collection;7
pourrait;7
expérimentaux;7
fondamentale;7
prototype;7
équipé;7
mené;7
acm;7
étape;7
récente;7
prairie;7
january;7
informaticien;7
reposant;7
individuel;7
individual;7
serradifalci;7
implémentée;7
vont;7
raisonnable;7
implémenter;7
apparition;7
use;7
appliquer;7
entraîné;7
vrml;7
sol;7
sensiblement;7
sensible;7
pace;7
annuelle;7
constitué;7
méthodologique;7
semble;7
jeux;7
vivant;7
intégrer;7
reffye;7
numérique;7
nécessite;7
villefranche;7
visuel;7
article;7
interagir;7
simplification;7
approach;7
via;7
générer;7
instant;7
concurrent;7
rendu;7
effectue;7
verlaque;7
verification;7
simulée;7
efficacité;7
reporter;7
offre;7
olivacea;7
trouver;7
pseudo;7
moutons;7
essentiel;7
jusqu;7
second;7
gérer;7
mountain;7
andré;7
horn;7
angelis;7
source;7
qnap;7
comporte;7
specification;7
avait;7
métamodélisation;7
research;7
passable;7
générique;7
basé;7
montré;7
invasion;8
hall;8
kleijnen;8
module;8
octet;8
attente;8
cause;8
cellulaire;8
marseille;8
academic;8
basée;8
modélisé;8
centré;8
intelligence;8
mavis;8
assurer;8
associé;8
paul;8
paysage;8
transport;8
èse;8
permettait;8
fichier;8
ème;8
feu;8
marine;8
intégrant;8
identifier;8
micol;8
origine;8
administratif;8
network;8
gemini;8
modification;8
janvier;8
formelle;8
gap;8
michelin;8
autour;8
wiley;8
limace;8
hybride;8
terrestre;8
lesquelles;8
framework;8
avancée;8
éradication;8
muzy;8
legay;8
vasconcelos;8
nice;8
meilleure;8
long;8
amélioration;8
volume;8
multiple;8
ordre;8
impossible;8
importance;8
améliorer;8
particularité;8
lobiger;8
analyser;8
journal;8
colonisée;8
essentiellement;8
existante;8
discipline;8
distributed;8
continu;8
essayer;8
reproduction;8
publication;8
durant;8
détaillée;8
essentielle;8
saisie;8
prédire;8
résolution;8
colonisés;8
présentons;8
environ;8
subornata;8
stable;8
engineering;8
raison;8
reposent;8
contaminée;8
construit;8
ethosys;8
diffusion;8
corse;8
régression;8
représenter;8
propose;8
fenêtre;8
distribué;8
doctorat;9
théorie;9
appliquée;9
confrontation;9
réutilisabilité;9
augmenter;9
gain;9
acquise;9
ingénierie;9
biologie;9
plant;9
acquisition;9
locale;9
menée;9
travers;9
drogoul;9
terminologie;9
rapidement;9
ternant;9
addison;9
cohérent;9
généré;9
tester;9
bézivin;9
cambridge;9
possède;9
dizaine;9
équation;9
explorer;9
mieux;9
seul;9
pluridisciplinaire;9
séquence;9
expérimental;9
tâche;9
montagne;9
seront;9
vigor;9
effectuée;9
presses;9
vitesse;9
petri;9
homme;9
identification;9
winter;9
aider;9
préliminaire;9
appréhender;9
automatiquement;9
mar;9
programming;9
date;9
automatique;9
ieee;9
nouveau;9
autant;9
métamodèle;9
définir;9
intéressante;9
ferber;9
wesley;9
élaboration;9
botkin;9
parle;9
biologiste;9
début;9
continue;9
virtuelle;9
gros;9
ecosystem;9
présentant;9
prentice;9
european;9
jensen;9
démarche;9
life;9
assemblage;10
bon;10
traitement;10
jacobson;10
correspondant;10
société;10
conduit;10
spécialiste;10
apparaître;10
discrete;10
transitoire;10
elysia;10
eux;10
fournit;10
perspective;10
event;10
bombe;10
communauté;10
serait;10
éthologie;10
particulièrement;10
message;10
opération;10
using;10
moyen;10
aujourd;10
apport;10
hui;10
évidence;10
oxynoe;10
conférence;10
pendant;10
reproduire;10
uniquement;10
development;10
suite;10
validité;10
quatre;10
fixé;10
valider;10
paragraphe;10
deuxième;10
universitaire;10
développée;10
difficulté;10
fortement;10
cohérence;10
marin;10
pris;10
final;10
précis;10
eau;10
troupeau;10
chevaux;10
façon;10
principale;10
dit;10
largement;10
optimisation;10
font;10
montre;10
expérimentation;10
utile;11
donne;11
méthodologie;11
entretien;11
gourgand;11
concevoir;11
agit;11
petite;11
distance;11
variation;11
conçu;11
estive;11
trou;11
gueugnot;11
comparaison;11
trouvé;11
distribuée;11
disponible;11
eory;11
scénario;11
atteinte;11
efficace;11
mécanisme;11
july;11
valide;11
gravez;11
capable;11
directement;11
théorique;11
précédemment;11
précisément;11
france;11
dire;11
précision;11
considéré;11
précise;11
ascoglosse;11
codage;11
interface;11
lesquels;11
logicielle;11
acteurs;11
mer;11
proposée;11
décision;11
longue;11
réelle;11
étudiée;11
changement;11
susceptible;11
aborder;11
notation;11
simula;11
spécifique;11
océanographie;11
obtenue;11
design;12
trouve;12
soient;12
page;12
aussem;12
ibaut;12
bouture;12
forte;12
proie;12
proposition;12
balci;12
représente;12
comment;12
spatiaux;12
cadriciel;12
smith;12
algorithme;12
retenu;12
interprétation;12
beaucoup;12
ensuite;12
exploitation;12
symposium;12
york;12
potentiel;12
vers;12
mathématique;12
logique;12
exion;12
thèse;12
mêmes;12
seconde;12
sargent;12
écologique;12
pourra;12
workshop;12
ordinateur;12
construire;12
pin;12
trois;12
gis;12
sea;12
produit;12
présentation;12
attention;12
sûr;12
transaction;12
complet;12
proposer;12
adaptée;12
évaluation;13
sera;13
environment;13
kellert;13
parfois;13
apprentissage;13
cela;13
analysis;13
avantage;13
utilisés;13
plante;13
fréquence;13
leml;13
ailleurs;13
dernier;13
animal;13
grand;13
végétale;13
principaux;13
growth;13
lié;13
initiale;13
époque;13
prévosto;13
actuellement;13
présence;13
boudouresque;13
combinaison;13
enfin;13
haut;13
construction;13
écran;14
machine;14
suivante;14
certain;14
chercheur;14
dernière;14
réfl;14
fin;14
connu;14
intéressé;14
with;14
synthèse;14
souhaite;14
dynamic;14
aucun;14
rapide;14
divers;14
port;14
trop;14
classique;14
fourni;14
particulier;14
intervalle;14
table;14
développer;14
spectre;14
lorsqu;14
new;14
correspond;14
consiste;14
lecteur;15
présenter;15
fournir;15
naturel;15
service;15
limos;15
software;15
confiance;15
composants;15
graine;15
déterministe;15
ceci;15
déplacement;15
avais;15
réels;15
avion;15
observation;15
breugnot;15
dès;15
ici;15
seule;15
diego;15
contrôle;15
exploration;15
intéressant;15
importante;16
utilisé;16
dumont;16
ferrand;16
catégorie;16
toute;16
toujours;16
prédiction;16
besoin;16
collègue;16
prédateur;16
tropicale;16
règle;16
ressources;16
difficile;16
technologie;16
classification;16
matière;16
lutte;16
solution;16
donné;16
répartition;16
impact;17
vache;17
mediterranean;17
déjà;17
moins;17
présentée;17
obtenu;17
probabilité;17
arbre;17
utiliser;17
physique;17
fois;17
foliaire;17
performance;17
vue;17
lieu;17
présentent;17
groupe;17
dimension;17
language;17
liée;17
compréhension;17
effectué;17
gps;17
clermont;17
sortie;17
caractéristique;17
avant;17
parallèle;17
contexte;17
permettre;18
effectuer;18
couverture;18
colonisation;18
existe;18
élémentaire;18
détail;18
première;18
proposé;18
tant;18
san;18
utilise;18
orientée;18
abordé;18
comprendre;18
méditerranée;18
organisation;18
erreur;18
herbivores;18
description;18
dédié;18
vérifier;18
certains;18
spatial;18
courbe;18
convient;18
modéliser;18
rapport;18
certaine;19
caulerpe;19
dispersion;19
question;19
loi;19
développé;19
spectrale;19
concernant;19
période;19
pâturage;19
capacité;19
architecture;19
génie;19
doivent;19
terme;19
maintenant;19
collaboration;19
nature;19
but;19
limite;19
attribut;19
suivi;20
déterminer;20
étudier;20
utilisée;20
intégration;20
notion;20
obtenir;20
concerne;20
puis;20
ouvrage;20
génération;20
vaugelas;20
inra;20
condition;20
statique;20
computer;20
milieu;20
mettre;20
forest;20
nombreuses;20
compétition;20
implémentation;20
facteur;20
depuis;21
représentation;21
constitue;21
java;21
intérêt;21
seulement;21
action;21
réaliste;21
image;21
uence;21
cet;21
pascal;21
celles;21
propre;21
important;21
fishwick;22
communication;22
réflexions;22
trace;22
posidonie;22
oeuvre;22
définition;22
scs;22
discrète;23
blaise;23
ecology;23
lorsque;23
spécification;23
simuler;23
diagramme;23
programmation;23
éds;23
flux;23
laboratoire;23
nouvelle;23
contre;23
uml;23
forme;23
press;23
interne;23
taille;23
faire;23
propagation;23
entrée;23
phénomène;23
parcelle;24
systÈme;24
distribution;24
parmi;24
utilisateur;24
aide;24
permis;24
élément;24
réalisé;24
ecological;24
végétation;25
réaliser;25
visualisation;25
mesure;25
réalisation;25
reste;25
qualité;25
générale;25
mise;25
étant;25
réalisée;25
université;26
couplage;26
situation;26
celui;26
proceeding;26
scientifique;26
prendre;26
hypothèse;26
jour;26
issue;26
utilisant;26
dont;26
étaient;26
cycle;27
nombreux;27
mode;27
possibilité;27
paris;27
saed;27
contrainte;27
concept;27
giga;27
premier;27
system;27
neurones;27
principalement;27
faut;28
pouvoir;28
échelle;28
terrain;28
présenté;28
ans;28
mazel;28
conceptuel;28
abstraction;28
zeigler;29
souvent;29
bibliographiques;29
exécution;29
structure;29
gestion;29
peu;29
etc;29
travail;29
grande;29
annexe;29
étudié;29
production;29
encore;29
prise;29
valeur;30
permettant;30
réalité;30
international;30
infl;30
sein;31
vie;31
notamment;31
plan;32
simple;32
quelque;32
oriented;32
évolution;33
trait;33
expert;33
grâce;33
après;33
visuelle;33
modeling;33
entité;33
mémoire;33
présente;34
variable;34
conclusion;34
problÈmes;34
conference;34
expansion;34
herbier;35
partir;35
permettent;35
écologie;35
base;35
projet;35
interactive;36
suivant;36
surface;36
réel;36
population;36
moyenne;36
géographique;36
complexité;36
espace;36
campos;36
était;37
choix;37
for;37
cependant;37
tous;37
nécessaire;37
aléatoire;38
relation;38
programme;38
simulateur;38
cours;38
sig;38
code;38
statistique;39
forêt;39
modelling;40
non;40
object;40
aussi;40
modÈle;40
site;41
phase;41
fonction;41
agnelle;41
point;41
individu;41
référence;42
biologique;42
part;43
science;43
carte;43
partie;43
activité;44
réplication;44
fonctionnement;45
animaux;46
année;46
langage;46
bol;47
interaction;47
based;47
manière;47
multi;48
soit;48
état;48
permet;49
recherche;49
différentes;49
introduction;50
meinesz;50
calcul;50
événement;51
cadre;51
information;51
graphique;52
stochastique;52
algue;53
paramètre;53
classe;54
aspect;54
processus;55
connaissance;55
expérience;55
travaux;57
bien;57
type;57
cas;58
plusieurs;58
différent;59
spatiale;59
utilisation;59
model;59
réseau;59
complexe;60
possible;60
espèce;60
coquillard;60
ensemble;61
compte;61
croissance;61
informatique;62
exemple;62
dynamique;63
développement;63
peuvent;63
deux;63
conception;64
test;65
objectif;67
étude;67
niveau;67
problème;69
effet;70
écosystÈmes;72
discret;73
nombre;73
environnement;75
méthode;77
écosystème;79
temps;83
également;84
vol;85
vérification;87
web;88
taxifolia;90
application;91
zone;93
animation;93
comportement;96
caulerpa;110
domaine;111
logiciel;111
outil;112
agent;122
analyse;126
donnée;137
approche;144
validation;168
chapitre;184
technique;196
figure;201
objet;209
résultat;226
hill;228
modélisation;311
système;379
modèle;595
simulation;784
